Node,Distance_to_Midpoint
Node1,0.0
Node11,0.03025288345
Node10,0.03025288345
Node12,0.24851021915
Node187,0.55986903015
Node194,0.60465085695
Node9,0.19589735414999998
Node13,0.8087507709499999
Node32,0.41105594884999996
Node188,0.6945270380499999
Node190,0.64658312535
Node195,0.69163101285
Node222,0.67182978095
Node228,0.27473379345
Node8,0.63189296525
Node14,1.08760413905
Node19,0.9121516627499999
Node33,0.56321793575
Node135,1.14681260275
Node189,0.74654079395
Node191,0.71749545365
Node196,0.74819589685
Node219,0.73691744185
Node223,0.73673404625
Node225,0.81881432865
Node229,0.62172336015
Node423,1.23652746525
Node660,1.20534391815
Node7,1.09876075455
Node15,1.13770118465
Node17,1.2447892329499999
Node20,0.98517784785
Node22,0.98055966115
Node34,0.8049977403499999
Node116,1.05608454955
Node136,1.23473705905
Node192,0.85152478925
Node197,0.78739076115
Node220,0.77540081315
Node224,0.82042537825
Node226,0.8672615044499999
Node230,0.67618445835
Node320,0.6904291874499999
Node424,1.41092100585
Node624,1.50385258925
Node661,1.26187469775
Node674,1.25988493495
Node681,1.41220756735
Node5,1.36981692095
Node16,1.34667555735
Node18,1.36647283795
Node21,1.0792428702499999
Node23,1.13867325075
Node29,1.0577592575499999
Node35,0.9841466639500001
Node111,0.8790279507500001
Node117,1.1455869246500001
Node137,1.2845776033499998
Node193,0.9171745824499999
Node198,0.83140046495
Node221,0.88014080845
Node227,0.97440447735
Node231,0.75112090925
Node279,0.7400774804499999
Node321,0.7635730012499999
Node417,1.22920643535
Node425,1.44537180415
Node522,1.46948554665
Node625,1.60813509995
Node654,1.63784299785
Node662,1.33658827985
Node666,1.38068873855
Node675,1.32282660605
Node680,1.39946203905
Node682,1.53181814775
Node6,1.50810029365
Node4,1.4428737469500001
Node24,1.19405799985
Node28,1.22787797595
Node30,1.12548646945
Node31,1.18441737225
Node36,1.00436105615
Node82,1.0572013100500002
Node112,0.9514877471500001
Node115,0.9464705465500001
Node118,1.2484994519500001
Node130,1.20460826655
Node138,1.3390637025499998
Node185,1.3396562365499998
Node199,0.95087875135
Node208,0.92983539075
Node232,1.12601300935
Node247,0.9772574010499999
Node280,0.8472125693499999
Node317,1.16731782925
Node322,0.94230524275
Node410,1.08090485795
Node418,1.29161396085
Node422,1.32316799485
Node426,1.47946215295
Node469,1.46581573625
Node523,1.57916074255
Node548,1.5870483740499999
Node626,1.71094052965
Node642,1.7071432958500001
Node655,1.73811365405
Node663,1.41393493885
Node665,1.43096113075
Node667,1.43799562715
Node676,1.37327916945
Node683,1.59067238305
Node703,1.56817011075
Node3,1.50085084315
Node25,1.2672903839499998
Node37,1.02843636575
Node73,1.05997765385
Node83,1.0925093324500001
Node97,1.0767525610500002
Node113,1.02487696055
Node114,1.0435427539500002
Node119,1.2934247669499999
Node129,1.3211430453499997
Node131,1.2533664003499998
Node133,1.2820827439499998
Node139,1.4668604352499999
Node186,1.64217276965
Node200,0.99320223795
Node209,0.9819484425499999
Node214,1.00000154035
Node233,1.41964612875
Node234,1.51920872745
Node248,1.56693348885
Node250,1.25616398595
Node281,1.29139576445
Node305,1.05194745835
Node318,1.28807209215
Node319,1.4329063773500001
Node323,1.01705355935
Node363,1.21021750145
Node411,1.18858219585
Node415,1.26995376645
Node419,1.34904296315
Node427,1.57050886325
Node446,1.55069544675
Node470,1.4926593406500002
Node519,1.49878559795
Node524,1.61213080235
Node539,1.6342941260500001
Node549,1.63903809405
Node620,1.6511723357499999
Node627,1.80548594965
Node641,1.8128442176500001
Node643,1.74161337645
Node656,1.8091431367500002
Node657,1.79258264715
Node664,1.59685470175
Node668,1.5147128381500001
Node677,1.41683749605
Node679,1.44403365165
Node684,1.63781938465
Node689,1.61991515455
Node704,1.61052596665
Node716,1.61711321965
Node2,1.5600301544500002
Node26,1.3351848842499998
Node27,1.42657712125
Node38,1.13921601695
Node70,1.04199494615
Node74,1.1614260199500002
Node79,1.0944864227500002
Node84,1.1672199116500002
Node93,1.13279370145
Node98,1.10962142975
Node102,1.11676961935
Node120,1.33497147775
Node132,1.29367405535
Node134,1.3842905643499999
Node140,1.52935224775
Node201,1.04256536825
Node204,1.02968407405
Node210,1.07882073665
Node215,1.04685688365
Node235,1.58517743245
Node246,1.7532120496499999
Node249,1.6820497004500001
Node251,1.38727608895
Node282,1.36585410845
Node304,1.46920934985
Node306,1.11292895125
Node324,1.16432681385
Node326,1.1663110324500001
Node364,1.26617036225
Node406,1.26881261695
Node412,1.29287939275
Node416,1.43146366645
Node420,1.42560137735
Node428,1.7611889838500001
Node429,1.65750586375
Node447,1.59903857475
Node468,1.69990618125
Node471,1.5184717623500001
Node509,1.53893846855
Node520,1.67922357205
Node521,1.7343392230499999
Node525,1.65092731545
Node538,1.83694355845
Node540,1.77545414615
Node545,1.71770640665
Node550,1.68168982885
Node621,1.72125378765
Node623,1.73467432535
Node628,1.85235824995
Node631,1.8351718993500001
Node644,1.79649361685
Node652,1.80927612535
Node658,1.84523969095
Node669,1.55421742385
Node678,1.52128418655
Node685,1.67293697745
Node690,1.65496376845
Node705,1.64856367965
Node715,1.75749533415
Node717,1.85274429635
Node39,1.7048188535499997
Node66,1.19669647605
Node71,1.09295457725
Node72,1.18953351615
Node75,1.24615733335
Node80,1.1692711287500002
Node81,1.1546946015500001
Node85,1.20361977865
Node87,1.20642091185
Node94,1.19761026855
Node96,1.20226737085
Node99,1.16536180105
Node100,1.16127729965
Node103,1.20221000655
Node107,1.14126862685
Node121,1.3762608371499998
Node127,1.3731428957499998
Node141,1.6074589336499998
Node182,1.6102180714499998
Node202,1.0828959433499998
Node205,1.08219851865
Node206,1.08811086745
Node211,1.11896659855
Node213,1.14380709915
Node216,1.0856096187500002
Node218,1.18012105195
Node236,1.6273836538500002
Node252,1.44704064635
Node278,1.54396282575
Node283,1.40144941345
Node301,1.48326517705
Node307,1.14436444355
Node316,1.1956858051500001
Node325,1.29498376925
Node327,1.37587651375
Node362,1.4207292147500001
Node365,1.32281680495
Node402,1.34086322795
Node407,1.51241963415
Node408,1.34457854785
Node413,1.33658640915
Node421,1.6464888966500002
Node430,1.69365523055
Node439,1.68802050275
Node448,1.70466834285
Node450,1.77704967265
Node472,1.53128448845
Node507,1.60489367315
Node510,1.66686802195
Node512,1.56921595025
Node526,1.69271730695
Node536,1.78583910575
Node541,1.82577775085
Node544,1.83426377695
Node546,1.78587580115
Node551,1.72427799115
Node622,1.80890386895
Node629,1.99758832875
Node630,2.01392343305
Node632,1.8504568595500002
Node640,1.86564487585
Node645,1.8368081705500001
Node651,1.85718394935
Node653,1.98739947385
Node659,1.95552730145
Node670,1.58355341595
Node671,1.6182092671500001
Node686,1.71317477555
Node688,1.94139100145
Node691,1.68090964775
Node697,1.73220958175
Node706,1.73641439955
Node710,1.75450757715
Node40,1.7936269646499998
Node62,1.8634668190499997
Node67,1.23253916695
Node76,1.33468142115
Node86,1.2440560923500001
Node88,1.23367920415
Node90,1.2535721724499997
Node95,1.2988516525499998
Node101,1.21542103185
Node104,1.2540697748499998
Node106,1.2557556362499998
Node108,1.20266500675
Node122,1.5140374560499998
Node128,1.4165464281499998
Node142,1.63594398555
Node181,1.6814508062499998
Node183,1.6922087655499998
Node203,1.13994977145
Node207,1.15501742085
Node212,1.16633054505
Node217,1.14190936805
Node237,1.8201869596500002
Node244,1.70007727955
Node253,1.48965856225
Node277,1.51254273955
Node284,1.44657932155
Node297,1.4568134747500001
Node302,1.68711352815
Node303,1.57932762045
Node308,1.22757303315
Node310,1.1817497219500002
Node328,1.45391189135
Node329,1.43981271185
Node366,1.37762993365
Node398,1.39732436145
Node403,1.40034544605
Node409,1.41907342635
Node414,1.43143974245
Node431,1.73880156405
Node438,1.7569969011500002
Node440,1.70729738075
Node449,1.88932416875
Node451,1.8322308576500002
Node466,1.89517633815
Node473,1.5939282246500002
Node503,1.57030063295
Node508,1.69010344615
Node511,1.87971758775
Node513,1.75394504675
Node527,1.80657971755
Node529,1.72504067775
Node537,1.87258322745
Node542,1.8617728606500001
Node547,1.84644050065
Node552,1.75475703835
Node599,1.7760882871500001
Node633,1.87327642375
Node637,1.96460516035
Node646,1.8963432388500001
Node672,1.65455591985
Node687,1.81137594805
Node692,1.73223110475
Node695,1.72707803925
Node698,1.78079760545
Node702,1.77985998475
Node707,1.78745961025
Node711,1.80096007245
Node41,1.8218625325499997
Node63,1.9613669413499997
Node68,1.3780074709499999
Node77,1.42705641155
Node89,1.2927867716499999
Node91,1.3285707999499998
Node105,1.4605896777499998
Node109,1.36848125345
Node123,1.5960980030499998
Node126,1.5785842039499998
Node143,1.67035020055
Node163,1.65583067335
Node184,1.7909439518499999
Node238,1.9687784560500001
Node245,1.7871560875499999
Node254,1.54529439405
Node266,1.53375237765
Node285,1.52997263485
Node289,1.49073177225
Node298,1.48866537375
Node299,1.50718873155
Node309,1.27757934045
Node311,1.26664020975
Node330,1.56740619525
Node333,1.47796187435
Node367,1.41777214555
Node395,1.53259083835
Node399,1.52658986245
Node401,1.7109750119500002
Node404,1.41618679515
Node432,1.7568825946500002
Node441,1.7711038249500002
Node443,1.8171766412500001
Node452,1.8658336022500002
Node458,1.9204975095499999
Node467,2.01131032435
Node474,1.6170831813500002
Node504,1.67723861705
Node514,1.80970047175
Node528,1.89309021365
Node530,1.77168253365
Node533,1.77633292245
Node543,1.9122271013499998
Node553,1.77567396275
Node596,1.81880848235
Node600,1.8089364059500002
Node611,1.80235520835
Node634,2.0165006714500002
Node635,1.91192691045
Node638,2.02625528675
Node639,2.0035204709500003
Node647,1.93191159495
Node650,1.97680988935
Node673,1.72385328285
Node693,1.82415329175
Node694,1.81949708085
Node696,1.80197548305
Node699,1.84392282005
Node700,1.89335950165
Node708,1.85830166895
Node709,1.83403151725
Node712,1.85683214645
Node42,1.8658868318499997
Node58,1.9108774151499999
Node64,2.20433630095
Node65,2.1148687601500002
Node69,1.5338958485499998
Node78,1.49957305835
Node92,1.4756222966499999
Node110,1.39440586525
Node124,1.6449530236499998
Node144,1.7060450974499999
Node159,1.7157076167499998
Node164,1.6782875144499998
Node176,1.70261548195
Node239,2.03055947765
Node243,2.0261488045500005
Node255,1.6400389812500002
Node256,1.59459947385
Node267,1.58064484645
Node276,1.6388523534500001
Node286,1.57480767395
Node290,1.53709879155
Node300,1.6692636129500003
Node312,1.3618626439500001
Node331,1.7075583258500002
Node332,1.7518683446500003
Node334,1.6993059349500002
Node336,1.55666066375
Node368,1.45500155475
Node387,1.43897644215
Node396,1.60054373445
Node400,1.70245298505
Node405,1.4888855996500001
Node433,1.82717966785
Node434,1.80729149345
Node442,1.9446156539500001
Node444,1.9314318006500002
Node445,2.16594332525
Node453,1.8938171530499999
Node456,1.9173952109499999
Node459,1.9915235641500002
Node464,1.98757796475
Node475,1.63971863905
Node500,1.94575129005
Node505,1.6989123699500002
Node515,1.82798249435
Node531,1.8333136110500001
Node532,1.89841880335
Node534,1.80531604325
Node554,1.79992654695
Node597,1.8662937431500002
Node601,1.83373172475
Node612,1.83989565345
Node615,1.90921541595
Node636,1.97337156775
Node648,1.96995972745
Node649,2.01122888235
Node701,1.9408530129500001
Node713,1.9671052581500001
Node43,2.07968280415
Node56,1.9260838003499998
Node59,2.14303269155
Node125,1.76712807955
Node145,1.73732313615
Node158,1.8589235278499998
Node160,1.7913865352499998
Node165,1.7253293718499998
Node171,1.7783376102499997
Node177,1.7944081856499998
Node240,2.06978343955
Node257,1.65062191785
Node258,1.6238258905500003
Node268,1.6463221936499999
Node275,1.62501662085
Node287,1.6533466166500002
Node291,1.6464242423500002
Node313,1.44234864755
Node335,1.7625236313500001
Node337,1.6236474197500002
Node341,1.7604013899500002
Node369,1.49355331975
Node388,1.46995510495
Node397,1.7271967239500001
Node435,1.8474360792500002
Node454,2.03449468395
Node455,1.91639305105
Node457,2.13744500655
Node460,2.05207172885
Node462,2.0430125459500004
Node465,2.03998100725
Node476,1.6697780259500001
Node499,1.75684693745
Node501,1.98887416355
Node506,1.78499218315
Node516,1.89127661595
Node517,1.93818125245
Node535,1.87804480185
Node555,1.86158711975
Node598,1.9022096856500001
Node602,1.88313406015
Node607,1.86059809945
Node613,1.89394976285
Node614,1.88123626185
Node616,1.94670078685
Node619,2.0717205520500004
Node714,2.18630801175
Node44,2.12186267035
Node53,2.1272734898500003
Node57,2.30234875505
Node60,2.1828015369500005
Node61,2.2157515498500002
Node146,1.76218226365
Node157,1.78949969215
Node161,1.8229468867499998
Node166,1.7506893722499999
Node170,1.78359375185
Node172,1.81555673735
Node173,1.82133239515
Node178,1.8234407504499999
Node180,1.8344501629499999
Node241,2.14740013315
Node242,2.1735662988500004
Node259,1.80508361125
Node260,1.7245373088500002
Node269,1.6912496803500001
Node272,1.68686997795
Node288,1.77279776235
Node292,1.76235317155
Node294,1.7139430311500001
Node314,1.53924277335
Node338,1.68454046365
Node340,1.7071784581500002
Node342,1.8101276639500004
Node352,1.7963614045500003
Node370,1.51065991235
Node385,1.56072374775
Node389,1.51336586955
Node436,1.92155061945
Node461,2.2478602053500003
Node463,2.14700209655
Node477,1.73297342185
Node482,1.70419848675
Node502,2.09827426775
Node518,1.99187751815
Node556,1.8905178897500001
Node595,1.9170984579500001
Node603,1.92719806355
Node606,1.89926384915
Node608,1.9250086748500002
Node609,1.88733770455
Node617,2.02478329265
Node45,2.27516639835
Node54,2.20121017185
Node147,1.92249163595
Node148,1.82822852015
Node162,1.95070811555
Node167,1.7927500886499999
Node169,1.7786155164499997
Node174,1.9177320968499998
Node179,1.97211431715
Node261,1.7702341775500001
Node270,1.7506212274500002
Node273,1.82637989665
Node274,1.80674437745
Node293,1.95493082825
Node295,1.7827296508500001
Node296,1.8563699905500002
Node315,1.69729547695
Node339,1.8982021661500001
Node343,1.8621925633500003
Node350,1.9223649814500001
Node353,1.8556448412500002
Node371,1.52189757405
Node384,1.57196529395
Node386,1.6590697927500002
Node390,1.56016005495
Node393,1.5922738570500001
Node437,2.0100505171500003
Node478,1.76546187525
Node481,1.7770282740499999
Node483,1.74791260915
Node496,1.82448210045
Node557,1.91131368925
Node604,2.0584293377500003
Node610,1.92512893455
Node618,2.12900928185
Node46,2.2973191286500003
Node55,2.22743743525
Node149,1.85341415905
Node168,1.9848151962499998
Node175,2.0590485218500003
Node262,1.90227842355
Node263,1.88770649005
Node271,1.84910557395
Node344,1.9150373843500001
Node349,1.93799642955
Node351,1.9870078850500001
Node354,1.8860965169500001
Node356,1.9253737024500002
Node372,1.55014298535
Node382,1.6996000993500002
Node391,1.60232794095
Node392,1.63569947345
Node394,1.6934592489500002
Node479,1.8706787378499998
Node480,1.84627545025
Node484,1.79155830745
Node497,1.87084319405
Node558,1.93876429345
Node594,2.0037913040500004
Node605,2.1574058443500004
Node47,2.35116739055
Node150,1.9113486633499999
Node153,1.95030344345
Node264,1.94133266305
Node265,1.94484664605
Node345,1.9442110271500002
Node347,1.9623184725500002
Node355,1.9360972063500002
Node357,1.97272151175
Node360,2.0449281202500007
Node373,1.57727428605
Node381,1.61507814455
Node383,1.7566734733500002
Node485,1.83636860735
Node498,2.0155841902500002
Node559,1.9884864612500002
Node566,1.97642637375
Node48,2.3757675074500004
Node49,2.37444341715
Node151,2.05203913915
Node154,2.03549923965
Node155,1.9784804209499998
Node346,1.98330957585
Node348,2.00502854345
Node358,2.10006944765
Node361,2.1606351580500007
Node374,1.60287842235
Node379,1.6501731270500002
Node486,1.85384065325
Node489,1.85560047015
Node560,2.01443566975
Node567,2.01305715205
Node586,1.99771571755
Node50,2.5371048856500007
Node51,2.3964373083500004
Node152,2.15590050065
Node156,2.0389582719500003
Node359,2.1860146496500006
Node375,1.6607477885500002
Node378,1.8150677189500002
Node380,1.71659441235
Node487,1.92182023465
Node488,1.89412398945
Node490,1.88325955505
Node493,1.97984979445
Node561,2.03855092495
Node564,2.05592565105
Node568,2.11871163125
Node574,2.2398785333499998
Node587,2.02332954885
Node52,2.5845006148500005
Node376,1.7646442868500003
Node491,1.90346560215
Node494,2.02845950035
Node562,2.09342798235
Node563,2.0814182849500003
Node565,2.10845518975
Node569,2.13507896635
Node575,2.26997441205
Node585,2.28249686005
Node588,2.06825703395
Node592,2.04459620705
Node377,1.7979259184500003
Node492,2.04216083335
Node495,2.12318146905
Node570,2.1600095180500003
Node576,2.3434913981500003
Node582,2.32718879835
Node589,2.08760755165
Node593,2.08027297955
Node571,2.21280657185
Node577,2.3975316307500005
Node583,2.3956791829500004
Node590,2.11494038355
Node572,2.30007960025
Node578,2.42655817205
Node584,2.4344262930500005
Node591,2.2281235514499995
Node573,2.3550926296500005
Node579,2.48179485125
Node580,2.57110280685
Node581,2.6189854960500005
