0.00175,0.77469,0.00022,0.14236,0.00164,0.00061,2e-05,0.00155,2e-05,0.0,0.0,0.0,0.0,0.97446,0.0,0.0,0.0,0.0,0.00042,0.0,0.05595,0.0,0.0,0.0,0.0,0.0,1.0,0.0,0.99999,0.0,0.0,0.0,0.00054,1.0,0.0,0.99956,0.0,0.00105,0.0,0.00125,0.0,0.0,0.0,0.0,0.0,0.0,2e-05,0.0,0.0,5e-05,0.0,0.0,1e-05,0.0,0.0,0.0,0.0007,7e-05,4e-05,1e-05,0.0,0.0,0.0,4e-05,1e-05,0.99999,0.0,1.0,4e-05,0.0,4e-05,0.0,0.03302,0.2521,0.09755,0.06509,0.0432,0.00088,0.01387,0.00047,0.00804,0.0,0.0,0.0,0.0,0.0,0.0,0.0,0.0,0.0,0.0,0.0,0.99971,0.0,0.0,0.60411,0.0,0.00199,0.00031,2e-05,0.99966,1.0,0.0,0.01389,0.00025,1.0,0.0,0.0,1.0,0.0,0.0,0.0,0.0,2e-05,1.0,0.00045,4e-05,0.0,1e-05,0.0,0.07912,1e-05,0.00015,6e-05,0.62002,0.79659,0.0,0.0,6e-05,0.9999,0.90219,0.09528,1e-05,3e-05,0.0,0.0,0.0,0.0,1e-05,0.0,0.0,0.0,0.0,0.0,0.0,0.0,0.0,0.0,0.99436,0.00019,0.0,1e-05,0.0,0.0012,0.0,0.93642,1e-05,0.0,0.0,0.06676,0.00979,0.0,1e-05,0.99185,0.00075,0.0,0.9962,1e-05,0.0,0.0,0.0,0.0,0.0,4e-05,0.00013,0.01746,0.89983,0.28125,0.0,0.0,2e-05,1e-05,0.97692,0.0,4e-05,0.0,0.00173,0.0,0.00211,0.99955,4e-05,0.00084,0.0,0.00013,0.02896,0.00113,0.00193,0.85962,0.00093,0.01185,0.05111,0.56654,0.00191,0.61054,0.00368,0.09712,4e-05,0.0,0.00588,3e-05,4e-05,0.94868,1e-05,0.02575,0.0,1e-05,0.00102,0.00013,0.0,2e-05,0.70388,1e-05,1e-05,0.0,0.00769,0.0,0.0,0.12002,0.93959,0.0,0.0,3e-05,0.0,0.0,0.0,5e-05,0.0,0.0,0.03744,6e-05,4e-05,0.0046,0.0,0.00099,0.09898,0.01757,4e-05,0.0,1e-05,0.00024,0.01609,0.0,0.99393,0.00018,0.00177,3e-05,0.97717,0.00113,0.43551,0.11221,0.03592,0.0,0.0,0.0,0.00018,0.0,0.0,1e-05,1.0,0.00046,0.00702,0.0039,1e-05,0.00028,0.0,0.0,0.0,0.0,0.99938,0.0,0.0,0.0,5e-05,1e-05,0.0,0.0,0.0,4e-05,0.0,0.20498,0.0,0.0,0.0,0.48259,0.00323,0.066,0.00172,0.03277,0.71911,0.17767,0.00262,0.38193,0.00341,0.00395,0.04756,0.53945,0.0007,1e-05,0.00023,0.55267,0.02257,0.0,1e-05,0.13903,0.0011,2e-05,0.00011,0.0,0.98173,0.00032,0.0,0.0,0.0,0.0,0.00133,0.99825,0.0,0.0,0.0,1e-05,0.0,1e-05,0.0,0.0,1e-05,0.0,0.0,0.0,0.0,2e-05,0.0,2e-05,2e-05,0.00062,0.00024,0.0,0.00791,0.0,0.0,0.00524,0.0,0.03087,1e-05,5e-05,3e-05,0.40002,1e-05,0.0,0.0,0.0,0.0,3e-05,0.0,0.0,1e-05,0.0,0.0,0.0,2e-05,0.0,0.00022,0.02332,0.00143,0.00024,0.00115,0.60593,2e-05,0.01015,0.99999,0.0,0.0,0.0,1e-05,0.99997,1e-05,0.99729,0.0,0.0,0.00015,0.00086,0.0,0.03731,0.0,0.0,0.0,2e-05,0.0,0.99803,0.00066,0.00021,9e-05,0.00012,0.0005,0.00088,0.29713,0.00233,0.0,0.11706,6e-05,0.31784,0.06599,0.0,0.01027,0.0,0.00447,8e-05,0.79376,0.00243,1.0,0.0,0.00547,0.00044,0.0,0.00014,0.0,0.82787,0.0,0.0,0.0,0.0,0.0,0.614,0.0002,0.99996,0.0,0.0001,0.0,0.0,0.00173,0.0019,0.0,0.0,0.0,0.06207,0.0,0.00049,1e-05,0.00082,0.0,0.0,0.00052,0.0,0.00382,0.00081,0.0,0.0,0.0,0.0,0.00013,0.0,0.0,0.0,0.0,0.0,0.0,0.0,0.95631,5e-05,0.14515,1e-05,0.00045,0.0,0.0,0.94517,0.0,0.0,0.0,0.0,1e-05,0.00111,0.0,0.0,2e-05,0.0,0.00021,0.00025,0.0,0.0,0.92671,0.0,0.0,0.0,0.0,0.0,0.00087,0.01037,0.00233,0.49137,0.98406,0.0004,0.99969,0.0,1e-05,0.0,0.0,0.0,0.0,0.0,0.00012,0.0,0.0,0.0,0.0,0.0,0.0,0.0132,1e-05,0.00019,0.00362,0.0,0.0,1e-05,0.00072,0.0,0.0,0.0002,0.00084,9e-05,0.70699,0.01289,0.03086,0.00158,2e-05,0.0,0.00685,0.0,0.00187,0.0,0.00135,0.0,0.00102,0.0,0.0,0.98118,0.0,0.0,0.0,0.00019,0.0,0.0,0.0,0.99999,0.0,0.0,0.00012,0.0,0.0,0.32473,0.0,0.9999,0.0,0.99555,0.00662,0.0,0.0,0.00028,0.00072,0.0,0.0,0.0,1e-05,1e-05,0.0,2e-05,1e-05,0.00065,0.01275,2e-05,0.0,0.0,0.0,0.0,0.0,0.0,0.06134,0.0,0.0,0.0,1e-05,0.0,0.0,0.29996,0.0,0.0,1e-05,1.0,0.01934,4e-05,0.0,0.02016,0.0,1e-05,4e-05,0.99998,1e-05,0.99558,0.07374,0.99996,0.02045,0.0,0.00017,0.00019,0.0,0.0,0.0,0.0,0.0,0.01149,1e-05,7e-05,0.0,3e-05,0.0,0.0,0.04822,0.0019,0.00069,2e-05,0.0,0.0,0.0,0.0,1e-05,0.0,0.0,4e-05,0.04222,0.0,0.0,0.00029,1e-05,0.0,0.00183,1e-05,3e-05,0.00272,0.38141,0.73793,0.02804,0.00017,0.01854,1e-05,0.00083,0.0,0.00336,0.99999,1e-05,5e-05,0.0,0.00083,0.06036,0.0,0.0,1e-05,0.0,0.0,0.99875,4e-05,0.0,0.0,0.0,0.0,0.0,0.0,1e-05,0.0,0.0,0.0,0.0,0.0,0.0,0.02921,0.00019,0.0,0.0,0.0,0.0,0.00062,0.02106,0.00014,0.0,0.06069,2e-05,0.0,0.69337,0.00066,2e-05,0.00018,5e-05,0.07953,0.9411,0.01143,0.08348,0.03356,0.01226,0.00624
0.00057,0.00686,0.80395,0.08909,0.00012,3e-05,0.0,0.0,0.53091,0.0,1.0,0.0,0.0,0.0,0.0,0.0,0.0,0.0,0.0,0.0,0.0,0.0,0.0,0.0,0.0,0.0,0.0,0.0,0.0,0.0,0.0,0.0,0.997,0.0,0.0,0.0,0.0,0.00314,0.99997,0.00019,0.0,0.99997,0.0,0.0,0.0,0.0,0.0,0.0,0.0,0.0,0.0,0.0,0.0,0.0,0.0,0.0,0.3043,0.00992,0.99994,0.0,0.0,0.0,0.0,0.0,0.0,0.0,0.0,0.0,0.0,0.0,0.0,0.0,0.00458,0.00463,0.00078,0.001,0.00204,0.0001,0.01445,0.27785,0.00016,0.0,3e-05,0.0,0.0,0.0,0.0,0.0,0.0,0.0,0.0,0.0,0.0,0.0,0.0,0.0,0.0,0.0,0.0,6e-05,0.0,0.0,0.0,0.00297,0.0,0.0,0.0,0.0,0.0,0.0,0.0,0.0,0.0,0.0,0.0,0.0,0.0,0.0,0.0,0.0,5e-05,0.0,0.0,0.0,1e-05,0.0,0.0,0.99572,0.00726,0.0,0.00019,6e-05,0.00038,0.0,0.0,0.0,0.99999,0.0,0.0,0.0,0.0,0.0,0.0,0.0,0.0,0.9996,0.0,0.9995,0.0,0.0,0.0,0.0,0.99972,0.0,0.0,1e-05,3e-05,0.0,0.99668,6e-05,0.7306,0.0,0.0,0.0,0.0,0.0,0.0,0.0,0.0,0.0,0.0,0.0,0.0,0.0,1e-05,4e-05,0.00035,0.0001,0.0,0.00199,0.0,0.0,0.0,0.0,0.0,0.0,3e-05,0.0,0.00529,0.0,0.00012,0.00011,0.0,3e-05,0.0002,4e-05,0.00427,0.0001,6e-05,0.00193,0.28683,0.2149,0.00423,0.00026,1e-05,0.00017,0.0,0.0,4e-05,0.0,0.0,0.00043,0.0,0.06909,0.0,0.00866,0.01361,0.0,0.0,0.0,2e-05,0.0,0.0,0.0,0.00056,0.0,0.0,0.0,2e-05,0.0,0.0,0.0,0.0,0.0,0.0,0.97956,0.0,0.0,7e-05,0.0,0.0,1e-05,0.0,1e-05,8e-05,8e-05,0.0,0.0,0.0,0.55993,0.0,0.0,1e-05,0.70087,3e-05,0.0,0.00143,0.00088,8e-05,0.00148,0.0,0.0,0.0,0.0,0.0,0.0,0.0,0.0,0.0,0.0,0.00109,0.00171,0.0,0.0,0.0,0.0,0.99997,0.0,0.0,0.0,0.0,0.0,0.0,0.0,0.0,0.0,0.0,0.0,0.0,0.0017,0.0,0.99997,0.0,0.00015,4e-05,0.00604,0.0,0.00094,0.00056,0.00064,0.00018,4e-05,5e-05,2e-05,0.00078,0.00027,0.0,0.0,0.0,0.00014,2e-05,0.0,0.0,0.00043,0.0,0.0,0.0,0.0,0.0,4e-05,0.0,0.0,0.00115,0.0,0.0,0.0,0.0,0.0,0.0,0.0,0.0,0.10249,0.0,0.0,0.0,0.0,0.33765,0.0,0.0,0.0,0.0,0.0,0.0,0.74695,0.00013,0.0,1e-05,0.00167,0.0,1e-05,0.0,3e-05,0.99937,0.0,0.0,0.00011,0.0,0.0,0.99999,0.0,0.00032,0.00014,0.0,0.0,0.0,0.0,0.99913,0.0,0.00099,0.0,0.00058,0.00036,2e-05,0.0,1e-05,0.00042,0.0,9e-05,0.0,0.0,0.0,0.0,0.0,0.0,0.0,0.0,0.0,0.0,1e-05,1e-05,0.0,0.06106,0.0,0.0,0.0,0.0,0.0,0.0,1e-05,0.01722,0.0,0.21874,0.0,0.0,0.35911,0.0,0.0,5e-05,0.0,0.00788,0.0041,0.0,9e-05,0.0,0.0,0.0,0.0,0.0,0.0,0.0,0.10602,0.0,0.99793,1e-05,0.00099,2e-05,0.0,0.0,0.0,2e-05,0.0,0.0,3e-05,0.0,0.0,0.00037,0.9999,0.0,0.0,0.0,0.0,0.0,0.0,0.0,0.0,0.96961,0.0,2e-05,0.99996,0.0,6e-05,0.0,0.0,0.06534,0.0,0.0,0.0,0.0,0.97329,0.0,0.0,0.0,0.0,0.0,0.0,0.0,0.00048,0.0,0.0,0.0,0.0,0.99887,0.0,0.00188,0.99986,0.00031,0.0,0.0,0.0,0.0033,0.0,0.0,1e-05,0.0,1e-05,0.0,0.99986,0.0,1e-05,0.0,1.0,0.0,0.0,0.0,0.0,0.00782,0.01083,4e-05,2e-05,1e-05,0.0,0.0,0.0,0.00012,1e-05,5e-05,3e-05,0.0,0.0,0.0,0.0,0.0,0.0,0.0,0.0,0.0,0.0,0.0,0.00226,0.0,0.99766,0.0,0.0,0.0,0.0,0.0,0.98778,0.0,0.00027,0.65571,0.00334,0.0001,0.0,0.0,5e-05,0.0,0.0,0.0,0.00533,0.0,0.00206,0.0,0.0,0.0,0.0,0.0,0.99968,0.00022,0.0,0.0,0.0,0.0,0.0,0.0,0.00023,0.0,0.0,0.00045,0.0,0.0,0.0,0.0,0.00681,0.0,0.0,0.0,0.00171,0.0,0.0,0.0,0.0,0.0,0.0,0.0,0.99821,0.0,4e-05,0.0,0.0,0.0,0.0,5e-05,0.0,0.0,0.0,0.0,0.0,0.0,0.0,0.0,0.0,0.0,0.0,0.00025,0.0,0.0,0.0,0.99971,0.0,0.0,0.0,0.96977,0.0,0.0,0.0,1e-05,0.02174,0.0,0.00301,0.0,0.0,0.0,0.0,0.0,0.0,0.0,0.0,0.92824,0.0,0.0,0.0,0.0,0.0,0.0,0.0,0.0,0.00019,4e-05,0.0,0.0,0.0,0.0,0.0,0.0,0.0,0.0,0.0,1.0,0.99999,0.0,0.99907,0.0,0.0005,0.0,0.0,6e-05,6e-05,0.00209,0.00018,0.0,0.00432,2e-05,1e-05,0.0,0.00048,0.0,0.0,0.0,0.0,0.0,0.0,0.0,0.0,0.0,0.99997,0.0,0.0,0.0,0.0,0.0,1.0,0.0,0.0,0.0,0.0,0.0,0.99999,0.0,0.99442,0.0,0.0,0.0,0.00034,0.0,0.0,0.0,0.0,0.0,0.00044,0.0,0.0,5e-05,0.00013,0.0,4e-05,0.00018,0.016,0.0,0.0,0.00349,0.00048,0.31485,0.03912,0.07566,0.00406,0.0015
0.0003,0.00386,0.00042,0.01137,0.0003,3e-05,0.0,0.00159,9e-05,0.0,0.0,1.0,0.0,0.0,0.0,0.0,0.0,0.0,0.00067,0.0,0.0,0.0,0.0,0.0,0.0,0.0,0.0,0.0,0.0,0.0,0.0,1e-05,1e-05,0.0,0.0,0.0,0.0,0.75686,0.0,0.0,0.0,0.0,0.0,0.0,2e-05,0.0,0.00516,0.0,0.0,0.0,0.0,9e-05,1e-05,0.0,0.0,0.0,0.00025,0.00052,0.0,1e-05,0.0,0.0,0.0,2e-05,0.0,0.0,0.0,0.0,0.0,0.0,0.0,0.0,0.08678,0.01326,0.00122,0.00087,0.00116,0.00236,0.03757,0.03538,0.03629,0.0,0.0,0.0,1.0,0.0,0.0,0.0,0.0,0.0,0.0,1e-05,0.0,0.0,0.0,0.0,0.0,0.0,0.0,0.00017,0.0,0.0,0.0,4e-05,0.0,0.0,0.0,0.0,0.0,0.0,0.0,0.0,0.0,6e-05,0.0,0.0,0.00014,0.0,0.0,0.0,2e-05,0.0,0.0,0.0,2e-05,0.0,0.0,0.0,1e-05,0.0,0.00012,0.0001,0.0,1e-05,0.0,0.0,0.0,0.0,0.0,0.0,0.0,1.0,0.0,0.0,0.0,0.0,0.0,0.0,0.0,0.00077,0.0,0.00021,0.0,0.0,0.0,9e-05,1e-05,0.0,0.0,0.00479,9e-05,0.0,0.0,1e-05,4e-05,0.0,0.0,0.0,0.0,0.0,0.0,0.0,0.0,1e-05,2e-05,0.00039,0.00062,0.00188,0.0,4e-05,0.0,0.0,0.0,2e-05,0.0,0.0,0.00237,0.00018,0.00282,0.0,0.00027,3e-05,0.0,0.00737,0.02863,0.00041,0.13362,0.00038,0.00092,0.0066,0.01046,0.00197,0.00474,0.00086,0.0002,0.00387,0.0,0.0,5e-05,0.0001,0.0,0.00023,0.00015,0.00141,0.0,0.0002,0.00183,0.0,0.0,0.00023,0.00643,0.0,0.0,0.0,0.05367,0.0,0.0,0.0,2e-05,0.0,1e-05,0.00065,0.0,0.0,0.0,1e-05,0.0,0.0,0.00202,4e-05,0.00045,1e-05,0.0,0.00031,5e-05,0.00036,2e-05,0.0,0.0,0.00867,1e-05,0.0,1e-05,0.00016,0.00029,0.0,0.0002,0.00559,0.00016,0.0062,0.0,0.0,0.0,0.0,0.0,0.0,0.0,0.0,0.0,1e-05,0.00027,0.00025,0.0,0.0,0.0,4e-05,0.0,0.0,0.0,0.00181,0.0,0.0,0.0,0.0,0.0,0.0,0.0,1e-05,0.0,0.00044,8e-05,0.0,0.0,9e-05,0.0,0.02866,0.0,0.00017,0.00212,0.00519,0.02989,0.00022,0.00446,0.00156,0.01682,0.00033,0.0,0.0,0.0,0.00133,1e-05,0.0001,0.0,0.04296,2e-05,0.00034,0.0,0.0,0.0,5e-05,0.0,0.0,0.0,0.0,0.0,0.0,0.0,0.0,0.0,0.0,0.0,0.00036,0.0,0.0,0.0,0.0,0.0,0.0,0.0,1e-05,0.0,1e-05,0.0,0.00107,1e-05,0.0,0.00295,5e-05,0.0,3e-05,0.99999,0.00103,0.0,2e-05,1e-05,0.0058,0.00338,0.0,0.0,0.0,1e-05,0.00255,0.0,0.0,0.0,0.0,0.0,0.0,0.00014,0.0,0.00157,0.00026,0.02797,0.0,0.00223,0.00165,0.0,3e-05,0.0,0.0,0.0,0.0,0.0,0.0,0.0,0.0,0.0,0.0,0.00017,0.00332,0.0,0.00216,0.0,0.0,0.0,0.0,0.0,0.0,0.0,0.00109,6e-05,0.00069,0.0,0.0,0.00136,0.0,0.0,4e-05,0.0,0.00357,1e-05,0.0,0.00026,0.0,0.0,0.0,0.0,0.0,0.0,0.0,0.00101,0.0,0.0,0.01055,1e-05,0.00021,0.0,1e-05,2e-05,0.0,0.0,3e-05,0.93715,0.0,0.0,0.0016,0.0,0.0,0.0,2e-05,0.0,0.0,0.0,0.0,0.0,0.00033,0.0,0.00183,0.0,0.99995,0.00059,0.0,0.0,0.00363,0.0,0.0,0.0,0.0,4e-05,0.0,0.0,0.0,0.0,0.0,0.0,0.0,0.0,3e-05,0.0,0.0,0.0,0.0,0.0,0.0001,0.0,0.0,0.0,0.0,0.0,0.00418,0.0,0.00383,3e-05,0.0,0.0004,0.0,0.0,0.0,0.0,0.0,0.0,0.0,0.0,0.0,3e-05,0.00102,0.00017,0.00021,3e-05,0.0002,0.0,0.0,0.0,0.0,1e-05,0.0,0.0,0.0,5e-05,0.0,0.0,0.0,0.0,0.0,0.0,0.0,0.0,0.0,0.02568,0.0,0.0,0.0,1e-05,0.0,0.0,0.0,9e-05,2e-05,0.00405,0.01425,0.0111,0.0005,0.0,0.0,0.0003,0.0,1e-05,9e-05,0.00393,0.0,1e-05,0.0,0.0,0.0,0.0,0.0,0.0,0.00825,0.0,0.0,0.0,0.0,0.0,0.0,2e-05,0.0,0.0,6e-05,0.0,0.0,0.0,0.0,0.013,0.0,0.0,0.0,0.00194,0.0,0.0,0.0,0.0,0.0,0.0,0.0,0.0,0.0,0.00036,0.0,0.0,1e-05,0.0,0.0,1e-05,0.0,4e-05,0.0,0.0,0.0,0.0,0.0,0.0,1e-05,0.0,0.0,0.0,0.0,1e-05,0.0,0.0,0.0,0.0,2e-05,1e-05,0.0,0.0,1e-05,0.02008,0.0,0.00372,0.0,0.0,0.0,0.0,0.0,0.0,0.0,0.0,0.00045,0.0,1e-05,0.0,2e-05,0.0,0.0,0.00015,2e-05,0.0001,0.0,0.0,5e-05,0.0,0.0,0.0,0.0,0.0,0.52326,3e-05,0.0,0.0,0.0,1e-05,0.0,0.00018,0.0,1e-05,0.00618,0.00526,0.00495,0.00043,4e-05,0.00287,1e-05,0.0,0.0,0.00253,0.0,0.0,0.0,0.0,0.0,2e-05,0.0,0.0,0.0,0.0,0.0,0.0,2e-05,6e-05,0.0,0.0,0.0,0.0,0.0,0.0,0.0,0.0,0.0,1e-05,0.0,0.0,0.0,2e-05,0.0,2e-05,0.0,0.0,0.0001,0.00017,0.0,0.0,0.00012,0.00384,0.0,1e-05,0.00454,0.00015,0.0,0.0,0.00185,0.00038,0.0252,0.02182,0.03491,0.00117,0.00174
5e-05,0.00651,4e-05,0.00212,3e-05,0.00036,0.0,0.92769,0.0,0.0,0.0,0.0,0.0,0.0,0.0,0.0,0.0,0.0,1e-05,0.0,0.0,0.0,0.0,0.0,0.0,0.0,0.0,0.0,0.0,0.0,0.0,0.0,0.0,0.0,0.0,0.0,0.0,0.00324,0.0,0.0,0.0,0.0,0.0,3e-05,0.99915,0.0,0.0,0.0,0.0,0.0,1.0,0.0,0.14591,0.0,1e-05,0.0,0.0,0.00097,0.0,0.0,0.0,0.0,0.0,0.0,0.0,0.0,0.0,0.0,0.0,0.0,0.00075,0.0,0.01031,0.00442,0.00029,0.00143,0.00053,0.20733,0.00709,0.00475,0.47764,0.0,0.0,0.0,0.0,0.0,0.0,1.0,0.0,0.0,0.0,0.0,0.0,1.0,0.0,0.0,0.0,0.00104,0.0,0.00049,0.0,0.0,0.0,3e-05,0.0,0.0,1.0,0.0,0.0,0.0,0.0,0.0,0.0,0.0002,0.0,0.0,0.6751,0.0,0.0,0.00046,0.0,0.0,0.0,3e-05,0.00034,0.0,0.0,0.0,0.0,0.0,0.00102,0.00129,0.0,0.0,0.0,0.0,0.0,0.0,0.0,0.0,0.0,0.0,0.0,0.0,1.0,0.0,0.00012,0.0,0.0,0.01137,0.0,0.90127,0.0,0.0,0.0,0.00539,4e-05,0.0,0.0,0.35539,1e-05,0.0,0.0,2e-05,2e-05,0.0,0.0,0.0,0.0,1e-05,0.0,0.0,0.0,0.0,0.00154,0.03227,0.00237,0.00158,0.0,0.0,0.0,0.0,0.0,0.99993,0.0,0.0,5e-05,0.98513,0.00057,0.0,5e-05,1e-05,0.0,0.93909,0.17135,0.00058,0.71704,0.00033,0.00233,0.00169,0.00161,0.00051,0.02709,0.00251,0.00017,0.59918,0.0,0.0,0.00245,0.2388,0.0,0.00029,0.75102,0.00224,0.00015,1e-05,0.00887,0.0,0.0,0.91707,0.0011,0.0,0.0,2e-05,0.0636,0.0,0.0,0.0,4e-05,0.99999,0.99996,0.92739,0.0,0.0,0.0001,0.0,0.0,0.0,0.0757,8e-05,0.64997,1e-05,0.0,2e-05,4e-05,0.03406,0.01153,0.0,0.00037,0.00154,0.0,0.0,1e-05,0.0,0.00171,0.0,0.00021,0.16289,0.0001,0.00074,1e-05,0.0,0.0,0.0,0.0,0.0,0.0,0.0,0.0,0.0,0.0,8e-05,0.0,0.0,0.0,0.99984,0.0,0.0,0.0,0.99804,0.0,0.0,0.0,0.00033,0.0,0.0,0.0,0.0,0.0,5e-05,0.99812,0.0,0.0,0.00024,0.0,0.01637,0.0,2e-05,0.00078,0.00199,0.88016,0.00012,0.05205,0.0439,0.09887,0.00212,0.0,0.00127,0.0,0.01772,0.0,0.99964,0.0,0.54249,2e-05,0.87817,0.0,0.0,0.0,0.0,0.0,0.0,0.0,0.0,0.0,0.0,1.0,0.0,0.0,0.0,0.0,0.00016,0.0,0.0,0.0,0.0,0.0,0.0,0.0,0.0,0.0,0.0,0.0,2e-05,0.0,0.99999,0.97591,0.0,0.0,0.0,0.0,8e-05,0.0,0.0,0.0,0.00398,0.99399,8e-05,0.0,0.0,0.0,1e-05,0.0,0.0,0.0,0.0,0.0,0.0,0.0,0.00015,7e-05,0.00226,0.81997,0.0,0.93572,0.00267,0.0,6e-05,0.0,0.0,1.0,0.0,0.0,0.0,0.0,0.0,0.0,0.0,0.0,0.53191,0.0,5e-05,0.0,0.0,0.99999,0.0,0.0,0.0,0.0,5e-05,6e-05,1e-05,1e-05,0.0,0.0001,0.0,0.0,2e-05,0.0,0.01498,0.0,0.0,0.00399,0.0,0.0,0.0,0.0,0.0,0.0,0.0,2e-05,0.0,0.0,4e-05,0.0,4e-05,1.0,0.07094,0.99993,0.0,0.0,1e-05,0.00357,0.0,0.0,2e-05,0.0,0.0,0.0,0.13201,0.0,1.0,0.0,0.0,0.0,1e-05,0.0,0.23655,0.0,2e-05,0.77316,0.00037,0.0,0.00023,0.0,0.0,0.0,0.0,0.0,0.0,0.0,0.0,0.014,0.0,0.0,0.0,0.0,0.0,0.0,0.0,0.0019,0.0,0.0,0.00017,0.0,0.0,0.0,0.0,0.0,0.00674,0.0,0.99364,0.0,4e-05,0.38885,0.0,0.0,0.0,1e-05,0.0,0.0,0.0,0.0,0.0,0.0,0.00015,0.00017,5e-05,1e-05,0.0074,0.0,6e-05,0.0,0.0,0.0,0.0,0.0,0.0,0.0,0.0,0.0,0.0,0.0,0.0,0.0,1e-05,0.0,0.0,0.00165,0.0,0.0,0.0,0.00069,0.0,0.0,7e-05,1e-05,1e-05,0.00574,0.00783,0.01085,0.01141,0.0,0.0,0.00731,0.0,0.0,0.99963,0.00104,0.0,0.0,0.0,0.0,0.0,0.0,0.0,0.0,0.0001,0.0,0.0,0.0,0.0,0.0,0.00011,0.0,0.0,0.0,0.00014,2e-05,0.0,0.0,0.0,0.05476,0.0,0.0,0.0,1e-05,0.0,0.0,0.0,0.0,0.0,0.99999,0.0,0.0,0.0,0.00067,0.0,0.0,0.99997,0.0,0.0,0.0,0.0,1e-05,0.0,0.99999,0.0,0.0,6e-05,0.0,0.0,0.0,0.0,0.0,0.0,1e-05,0.0,0.0,0.0,0.0,0.0,0.04467,0.0,0.0,1e-05,0.00505,0.0,0.00049,0.0,0.0,0.0,0.0,0.0,0.0,0.0,0.0,2e-05,0.0,0.00067,0.0,1e-05,0.0,0.0,2e-05,0.0068,0.0,0.0,0.0,0.99973,0.0,0.0,0.0,1.0,0.0,3e-05,0.0,0.0,0.0,0.0,0.0,0.0,3e-05,0.0,0.0,0.38633,0.00822,0.00509,0.00058,9e-05,0.01813,0.0,0.0,0.0,0.00024,0.0,0.0,0.0,0.0,2e-05,0.0,1e-05,0.0,0.0,0.0,0.0,0.0,0.0,0.99588,0.0,0.0,0.0,0.0,0.0,0.0,0.0,0.0,0.0,0.0,0.0,0.0,0.0,0.00058,0.0,0.99993,0.0,0.0,0.50856,0.0002,0.0,0.0,0.0001,7e-05,0.0,1e-05,0.53635,1e-05,0.0,0.0,0.01065,0.00132,0.00858,0.0076,0.01359,0.00054,0.01656
0.00024,0.00529,2e-05,0.0031,0.00368,0.0,0.0,0.0,0.0,0.0,0.0,0.0,0.0,0.0,0.0,0.0,0.0,0.0,0.0,0.0,1e-05,0.0,0.0,0.0,0.0,0.0,0.0,0.0,0.0,0.0,0.0,0.0,0.00018,0.0,0.0,0.0,0.0,1e-05,0.0,7e-05,0.0,0.0,0.0,0.0,0.0,0.0,0.0,0.0,0.0,0.99282,0.0,0.0,0.0,0.0,0.0,0.0,7e-05,0.0,0.0,0.0,0.0,0.0,0.0,0.0,0.0,0.0,0.0,0.0,0.0,0.0,0.0,0.0,0.00143,0.1502,0.00518,0.00025,0.00396,0.0,0.0041,0.0001,6e-05,4e-05,0.0,0.0,0.0,0.0,0.0,0.0,0.0,0.0,0.0,0.0,1e-05,0.0,0.0,6e-05,0.0,0.0,0.0,0.0,0.0,0.0,0.0,7e-05,0.0,0.0,0.0,0.0,0.0,0.0,0.0,0.0,0.0,0.0,0.0,0.0,0.0,0.0,0.0,0.0,0.00029,0.0,0.0,0.0,5e-05,3e-05,0.0,0.0,0.0,8e-05,6e-05,2e-05,0.0,0.0,0.0,0.0,0.0,0.0,0.0,0.0,0.0,0.0,0.0,0.0,0.0,0.0,0.0,0.0,1e-05,0.0,0.0,0.0,0.0,8e-05,0.0,4e-05,0.0,0.0,0.0,3e-05,1e-05,0.0,0.0,4e-05,0.0,0.0,3e-05,0.0,0.0,0.0,0.0,0.0,0.0,0.0,0.0,1e-05,0.00024,0.00082,0.0,0.0,0.0,0.0,1e-05,0.0,1e-05,0.0,7e-05,0.0,1e-05,1e-05,0.00018,0.00029,0.0,0.0,0.0004,2e-05,3e-05,0.00045,1e-05,0.0002,0.00213,0.00857,1e-05,0.00107,1e-05,4e-05,1e-05,0.0,0.0,0.0,1e-05,0.00018,0.0,2e-05,0.0,0.0,0.0,0.0,0.0,0.0,8e-05,0.0,0.0,0.0,2e-05,0.0,0.0,0.00015,9e-05,0.0,0.0,0.0,0.0,0.0,0.0,0.0,0.0,0.0,0.0,0.0,0.0,8e-05,0.0,5e-05,0.0011,0.0,0.0,0.0,0.0,1e-05,3e-05,0.0,5e-05,1e-05,0.0,0.0,0.00215,0.0,0.00121,0.00031,0.00014,0.0,0.0,0.0,2e-05,0.99998,0.0,0.0,0.0,1e-05,0.00021,0.0,0.0,0.0,0.0,0.0,0.0,0.0,0.00054,0.0,0.0,0.0,0.99764,0.0,0.0,0.0,0.0,0.0,0.0,0.00393,0.0,0.0,0.0,0.00016,0.00017,0.0008,8e-05,0.00289,0.0026,0.00368,4e-05,0.00012,2e-05,1e-05,7e-05,0.00028,3e-05,0.0,4e-05,0.00021,0.9744,0.0,0.0,0.00059,0.0,0.0,0.0,0.0,2e-05,0.00034,0.0,0.0,0.0,0.0,2e-05,2e-05,0.0,0.0,0.0,0.0,0.0,0.0,0.0,0.0,3e-05,0.0,0.0,0.0,0.0,0.0,0.0,0.0,0.0,5e-05,0.0,0.0,1e-05,0.0,0.0,0.00144,0.0,0.00014,0.0,0.0,0.0,0.00026,0.0,0.0,0.0,0.0,0.0,0.0,0.0,0.0,0.0,0.0,0.0,0.0,0.0,0.0,1e-05,0.00013,0.0,0.0,0.0,0.00019,0.0,2e-05,0.0,0.0,0.0,0.0,0.0,0.0,0.0,1e-05,0.0,0.0,1e-05,0.0,0.0,0.00013,0.0,0.0,0.0,0.0,0.0,1e-05,0.0,0.0,0.0,0.0,0.0,8e-05,0.00766,4e-05,0.0,2e-05,0.0,6e-05,0.00247,0.0,0.0,0.0,0.0,1e-05,1e-05,2e-05,0.0,0.0,0.00027,0.0,0.0,1e-05,0.0,0.00012,0.0,0.0,0.0,0.0,0.0,7e-05,2e-05,0.0,0.0,1e-05,0.0,0.0,0.00456,0.0,0.0,0.0,0.0,2e-05,0.0,0.00015,0.0,0.0,0.0,0.0,0.0,0.0,0.0,0.00014,0.0,0.0,0.0,0.0,3e-05,0.0,0.0,0.0,0.0,0.0,0.0,0.0,2e-05,1e-05,0.0001,0.0,0.0,0.0,0.0,4e-05,0.0,0.0,0.0,0.0,0.0,0.0,0.0,0.0,0.0,0.0,0.0,0.0,0.0,0.0,1e-05,0.0,0.0,0.0,0.0,0.0,1e-05,7e-05,1e-05,0.00029,0.00088,0.0,1e-05,0.0,0.0,0.0,1e-05,0.0,0.0,0.0,1e-05,0.0,0.0,0.0,0.0,0.0,0.0,0.0,0.0,0.99979,0.00043,0.0,0.0,0.0,0.0,0.0,0.0,0.0,4e-05,0.0,0.00158,0.00145,0.0013,0.0,0.0,0.0,0.0,0.0,0.0001,0.0,0.0,0.0,6e-05,0.0,0.0,0.0001,0.0,0.0,0.0,0.0,0.0,0.0,0.0,0.0,0.0,0.0,0.0,0.0,0.0,3e-05,0.0,0.0,0.0,2e-05,1e-05,0.0,0.0,1e-05,0.00124,0.0,0.0,0.0,0.0,0.0,0.0,0.0,0.0,0.0,2e-05,0.93429,2e-05,0.0,0.0,0.0,0.0,0.0,3e-05,0.0,0.0,0.0,0.0,0.0,0.0,1e-05,0.0,0.0,0.0,0.0,1e-05,0.0,0.0,0.0,0.0,0.0,0.0,0.0,0.0,4e-05,0.00011,0.0,0.00029,0.0,2e-05,4e-05,0.0,0.0,0.0,0.0,0.0,0.00492,0.0,0.0,0.0,0.0,0.0,0.0,5e-05,0.0,0.05209,0.0,0.0,0.0,0.0,0.0,0.0,0.0,0.0,0.0,2e-05,0.0,0.0,0.0,0.0,0.0,1e-05,0.0,0.0,0.0,0.0001,0.00027,0.00036,0.0,4e-05,0.0,5e-05,0.0,7e-05,0.0,0.0,0.0,0.0,0.0,1e-05,0.0,0.0,0.0,0.0,0.0,0.0,0.0,0.0,0.0,0.0,0.0,0.0,0.0,0.0,0.0,0.0,0.0,0.0,0.0,0.0,1e-05,0.0,0.0,0.0,0.0,0.0,0.0,6e-05,0.0,0.0,9e-05,1e-05,0.0,0.00042,0.0,0.0,1e-05,1e-05,5e-05,0.00081,0.00313,0.00132,0.00131,0.00233,3e-05
0.00116,0.00866,0.00273,0.01469,0.00014,0.00025,0.0,0.00012,0.02633,0.0,0.0,0.0,0.0,0.0,0.0,0.0,0.0,0.0,1e-05,0.0,0.0,0.0,0.0,0.0,0.0,0.0,0.0,0.0,0.0,0.0,0.0,0.0,0.00013,0.0,0.0,0.0,0.0,0.01286,0.0,8e-05,0.0,0.0,0.0,0.0,0.0,0.0,0.0,0.0,0.0,0.0,0.0,1e-05,5e-05,0.0,0.0,0.0,0.00173,0.00314,1e-05,0.0,2e-05,0.0,0.0,0.0,1e-05,0.0,0.0,0.0,0.0,0.0,0.00013,0.0,0.04322,0.00411,0.00136,0.00211,0.00409,0.00298,0.01293,0.12736,0.00094,0.0,0.0,0.0,0.0,0.0,0.0,0.0,0.0,0.0,0.0,0.0,0.0,0.0,0.0,1e-05,0.0,3e-05,0.0,0.00185,0.0,0.0,0.0,5e-05,0.0,0.0,0.0,0.0,0.0,0.0,0.0,0.0,0.0,0.0,0.0,0.0,5e-05,0.0,0.0,0.0,0.00015,0.99996,0.0,6e-05,3e-05,2e-05,0.0,0.00023,0.41201,0.0,0.00086,0.0411,3e-05,0.0,0.0,0.0,0.0,0.0,0.0,0.0,0.0,0.0,0.0,3e-05,0.0,0.0,4e-05,4e-05,0.0,1e-05,0.0,8e-05,2e-05,1e-05,0.0,0.00039,0.94557,0.0,0.00306,0.00211,0.00204,0.0,0.0,2e-05,0.0,0.0,0.0,0.0,0.0,2e-05,0.0,0.0,0.0,0.0,0.001,0.00267,0.01026,0.00033,0.0,0.00013,0.0,0.0,0.0,0.0,0.0,0.0,8e-05,2e-05,0.03115,0.0,0.00015,0.00069,0.0,0.00047,0.00161,5e-05,0.0115,0.00022,4e-05,0.00583,0.03815,0.02108,0.06472,0.00602,2e-05,0.00289,0.0,0.0,0.00272,0.00025,1e-05,0.00271,8e-05,0.57901,5e-05,0.00115,0.55452,0.0,0.0,8e-05,0.00073,0.0,0.0,1e-05,0.00566,0.0,0.0,0.0,3e-05,0.0,0.0,0.00013,0.00018,0.0,3e-05,0.00033,0.0,0.0,0.00265,0.0,0.00017,8e-05,0.0,1e-05,0.00027,0.00367,0.00051,0.0,0.00018,0.03715,1e-05,0.0,2e-05,0.0233,0.00016,0.0,0.00098,0.13423,0.0007,0.05695,3e-05,0.0,0.0,0.0,0.0,0.0,0.0,0.0,0.0,0.0,0.01059,0.00911,0.0,0.0,0.0,0.0,0.0,0.0,0.0,1e-05,0.0,0.0,0.0,0.00011,0.0,0.0,0.0,0.0,0.0,0.01,0.0,0.0,0.0,0.00057,1e-05,0.04544,1e-05,0.00067,0.00086,0.00092,0.00199,6e-05,0.00018,8e-05,0.10007,0.03158,0.0,7e-05,0.0,0.00305,1e-05,0.0,0.0,0.00455,0.0,8e-05,1e-05,0.0,0.0,0.00121,0.0,0.0,0.0,0.0,0.0,0.0,0.0,0.0,0.0,0.0,0.0,0.85278,0.0,0.0,2e-05,0.0,0.0,0.0,0.0,0.0,0.0,3e-05,0.0,0.00417,4e-05,0.0,0.0003,0.00175,0.0,2e-05,0.0,7e-05,6e-05,0.0,0.0,0.00195,2e-05,2e-05,0.0,0.0,2e-05,1e-05,0.0,0.0,0.0,0.0,0.00067,0.0,0.00011,5e-05,0.4499,0.00983,0.00382,0.0,0.00011,0.00675,0.0,0.00016,0.0,0.0,0.0,0.0,0.0,0.0,0.0,0.0,0.0,0.0,4e-05,3e-05,0.0,0.57044,0.0,0.0,0.0,0.0,0.0,0.0,2e-05,0.00235,0.0,0.00546,1e-05,1e-05,0.00809,0.0,0.0,0.00146,0.0,0.16757,0.00031,0.0,0.00373,0.0,0.0,0.0,0.0,1e-05,0.0,0.0,0.00535,0.0,6e-05,2e-05,0.99806,5e-05,0.0,3e-05,0.0,0.0,0.0,1e-05,0.00046,0.0,0.0,0.00461,1e-05,0.0,6e-05,0.0001,0.0,0.0,0.0,0.0,0.0,0.00157,0.0,0.0011,1e-05,0.0,0.00042,3e-05,0.0,0.00352,1.0,0.0,0.0,0.0,0.00011,0.0,0.0,0.0,1e-05,0.0,0.0,0.0,5e-05,0.0,1e-05,0.0,0.0001,0.0,0.0,0.01008,1e-05,1e-05,0.0,0.0,0.0,0.29237,0.0,1e-05,2e-05,1e-05,0.00055,0.0,0.0,0.0,2e-05,0.0,0.0,0.0,0.0,0.0,1e-05,0.00034,0.00651,0.00014,8e-05,0.00153,0.0,3e-05,0.0,0.0,3e-05,1e-05,0.0,0.99998,0.0,0.0,0.0,0.0,0.0,0.99999,0.0,0.0,0.0,0.0,0.4867,0.0,0.00031,0.0,0.00034,0.0,0.0,5e-05,0.00171,0.0,0.00131,0.0435,0.00249,0.00586,0.0,0.0,0.00358,0.0,1e-05,0.0,0.03919,0.0,0.00014,0.0,0.0,1e-05,0.0,0.0,3e-05,0.9869,0.0,0.0,0.0,0.0,0.0,0.00319,9e-05,0.0,0.0,0.62462,1e-05,0.0,0.0,1e-05,0.52496,0.0,0.0,0.0,0.00053,0.0,0.0,0.0,0.0,0.0,0.0,0.0,0.00069,0.0,0.00052,0.0,0.0,0.0,0.0,1e-05,1e-05,0.0,2e-05,0.0,0.0,0.0,0.0,1e-05,0.0,0.0,0.0,0.0,0.0,0.0,0.0,3e-05,0.0,0.0,0.0,0.00413,0.00013,0.0,0.0,3e-05,0.20188,0.0,0.00053,0.0,0.0,0.0,0.0,0.0,0.0,0.0,0.0,0.01247,0.0,0.00044,0.0,0.0,0.0,0.0,3e-05,0.00037,0.00024,0.99193,0.0,0.0,0.0,0.0,0.0,0.0,0.0,1e-05,1e-05,0.0,0.0,0.0,0.00011,0.0,0.99135,0.0,0.0,0.00276,0.00087,0.00222,0.00012,0.0,0.01223,0.99936,2e-05,0.0,0.01013,0.0,0.00013,0.0,0.0,5e-05,0.0,0.0,0.0,0.0,0.0,0.0,0.0,0.0,0.0,0.0,0.0,0.0,0.0,0.0,0.0,0.0,0.0,0.0,0.00128,0.0,0.0,0.0,0.00918,0.0,0.0,0.0,0.0,0.00019,0.01226,0.0,0.0,0.00016,0.00035,0.0,8e-05,0.00337,0.00055,0.0,0.0,0.03526,0.00284,0.03789,0.0208,0.02677,0.00501,0.0096
0.00026,0.0163,0.00037,0.00475,5e-05,0.00144,0.0,0.06853,0.00011,0.0,0.0,0.0,0.0,0.0,0.0,0.0,0.0,0.0,0.0,0.0,0.0,0.0,0.0,0.0,0.0,0.0,0.0,1.0,0.0,0.0,0.0,0.0,0.0,0.0,0.0,0.0,0.0,0.00245,0.0,0.0,0.0,0.0,0.0,0.99997,0.00082,0.0,0.0,0.0,0.0,0.0,0.0,0.0,0.854,0.0,0.99999,1.0,3e-05,0.02108,0.0,0.0,0.0,0.0,0.0,0.0,0.0,0.0,0.0,0.0,0.0,0.0,0.99906,0.0,0.00868,0.00476,0.00122,0.00233,0.00176,0.78338,0.00227,0.01637,0.02961,0.0,0.0,0.0,0.0,0.0,0.0,0.0,0.0,0.0,0.0,2e-05,0.0,0.0,0.0,1e-05,0.0,0.99693,0.0,3e-05,0.0,0.0,0.0,2e-05,0.0,0.0,0.0,0.0,0.0,0.0,0.0,0.0,0.0,0.0,0.0,0.0,0.32412,0.0,0.0,0.99954,4e-05,1e-05,0.0,0.99977,0.00026,0.0,0.0,2e-05,3e-05,0.0,0.06675,0.85614,0.0,0.0,0.0,0.0,0.0,0.0,0.0,0.0,0.0,0.0,0.0,0.0,0.0,0.0,0.99983,0.0,0.0,5e-05,0.0,0.09837,0.0,1e-05,0.0,0.05095,0.05418,0.0,0.0,0.47066,0.00017,0.0,0.0,8e-05,0.0,0.0,0.0,0.0,0.0,0.99997,0.0,0.0,0.0,0.0,0.99681,0.89845,0.04151,0.00075,0.0,0.0,0.0,0.0,0.0,4e-05,0.0,0.0,4e-05,0.01465,0.03056,1e-05,2e-05,9e-05,0.0,0.05145,0.02961,0.00022,0.07856,0.00054,0.00022,0.00127,0.0093,0.00385,0.86453,0.10351,5e-05,0.1497,0.0,0.0,0.01652,0.76074,0.0,0.01822,0.24868,0.26314,0.99979,1e-05,0.40447,0.0,0.0,0.08252,0.02057,0.0,0.0,0.99997,0.18129,0.0,0.0,1e-05,8e-05,1e-05,3e-05,0.07163,0.0,0.0,0.99986,1e-05,0.0,0.0,0.85574,0.0,0.34919,0.00079,0.0,1e-05,0.00013,0.93676,0.9878,0.0,0.99942,0.00535,1e-05,0.0,3e-05,0.00013,0.01001,0.0,0.00187,0.68637,0.00021,0.00849,0.0004,0.0,0.0,0.0,0.0,0.0,0.0,0.0,0.0,0.0,0.0001,0.00015,0.0,0.0,0.0,0.00011,0.0,0.0,0.0,0.00012,0.0,0.0,0.0,0.99953,0.0,0.0,0.0,0.0,0.0,0.00045,0.00178,0.0,0.0,0.00081,0.0,0.05231,0.0,0.00015,0.00129,0.00125,0.06273,0.0001,0.00598,0.00235,0.3109,0.34522,0.0,0.99864,0.0,0.08827,0.0,0.00025,0.0,0.04822,1e-05,0.12102,0.0,0.0,0.0,1e-05,0.0,0.0,0.0,0.0,0.0,1e-05,0.0,0.0,0.0,0.0,0.0,0.00018,0.0,0.0,0.0,0.0,0.0,0.0,0.0,0.0,0.0,0.0,0.0,0.00015,1e-05,1e-05,0.00615,0.0,0.0,2e-05,0.0,4e-05,0.0,0.0,0.0,0.00213,0.00247,0.99989,0.0,0.0,0.0,0.0,0.0,0.0,0.0,0.0,0.0,0.0,5e-05,0.99979,0.00016,0.06124,0.07522,0.0,0.00587,0.10201,0.0,0.00012,0.0,0.0,0.0,0.0,0.0,0.0,0.0,0.0,0.0,0.0,0.0,0.00099,0.0,0.00054,0.0,0.0,0.0,0.0,0.0,0.0,1e-05,0.00065,0.0,0.00024,1e-05,1e-05,0.00068,0.0,0.0,0.00013,0.0,0.12796,1e-05,0.0,0.86514,0.0,0.0,0.0,0.0,0.0,0.0,0.0,0.00033,0.0,0.0,1e-05,4e-05,5e-05,0.0,0.92901,4e-05,0.0,0.0,1e-05,9e-05,0.0,0.0,2e-05,0.0,0.0,0.0,0.86586,1.0,0.0,0.0,0.0,0.0,6e-05,0.0,0.75384,0.0,0.0,0.22466,0.99958,0.0,0.00012,0.0,0.0,0.0,0.0,0.0,0.0,0.0,0.0,0.98598,0.0,0.0,0.0,2e-05,0.0,1e-05,0.0,0.99748,0.0,0.0,0.00581,0.0,0.0,0.0,0.0,0.0,0.49099,0.0,0.00241,1e-05,0.99995,0.59491,0.0,0.0,0.0,4e-05,0.0,0.0,1.0,0.0,0.0,0.0,0.00012,0.0006,0.00011,6e-05,0.9896,1e-05,0.9999,0.0,0.0,0.0,0.0,0.0,1e-05,0.0,0.0,0.0,0.0,0.0,0.0,0.0,0.0,0.0,0.0,0.01239,0.0,2e-05,0.0,0.99801,0.0,0.0,0.00025,9e-05,0.0,0.00457,0.01921,0.00547,0.96698,0.0,0.0,0.97746,0.0,3e-05,0.00026,0.04731,0.0,3e-05,0.0,0.0,1e-05,0.0,0.0,0.0,0.00049,0.0,0.0,0.0,0.0,0.0,0.99667,4e-05,0.0,0.0,0.03283,0.99996,0.0,0.0,1e-05,0.26896,0.0,0.0,0.0,0.0,0.0,0.0,0.0,0.0,0.0,1e-05,0.0,0.0,0.0,0.00616,0.0,0.0,2e-05,0.0,0.0,0.0,0.0,1e-05,0.0,1e-05,0.0,0.0,0.99993,0.0,0.0,0.0,0.0,0.0,0.0,1e-05,0.0,0.0,0.0,0.0,3e-05,0.95512,0.0,0.0,7e-05,0.04161,0.0,0.00025,0.0,0.0,0.0,0.0,1.0,0.0,0.0,0.0,0.00022,0.0,0.99818,0.0,0.0,0.0,0.0,2e-05,0.99081,1e-05,6e-05,0.0,0.00021,0.0,0.0,0.0,0.0,0.0,0.0,0.0,0.0,0.0,0.0,0.0,0.0,0.00144,0.0,0.0,0.57846,0.00449,0.00593,0.00018,1e-05,0.04852,4e-05,1e-05,0.0,0.00161,0.0,0.0,0.0,0.0,0.04861,0.0,0.99999,0.0,0.0,0.0,0.0,0.0,0.0,0.00405,0.0,0.0,0.0,0.0,0.0,0.0,0.0,0.0,0.0,0.0,0.0,0.0,0.0,0.98842,0.0,5e-05,0.0,0.0,0.49033,0.00628,0.0,0.0,0.00017,1e-05,0.0,0.00016,0.45006,0.00014,0.0,0.0,0.77275,0.01761,0.00887,0.01974,0.027,0.00179,0.9465
0.00022,0.02553,0.0001,0.00562,5e-05,3e-05,0.0,8e-05,0.0,0.0,0.0,0.0,0.0,0.0,0.0,0.0,1.0,0.0,0.0032,1.0,1e-05,1.0,0.0,0.0,0.0,0.0,0.0,0.0,0.0,0.0,0.0,0.0,0.0,0.0,1.0,0.0,0.0,0.00058,0.0,1e-05,1.0,0.0,0.0,0.0,0.0,1.0,0.0,0.0,0.0,0.0,0.0,0.0,0.0,0.0,0.0,0.0,0.0,1e-05,0.0,0.99988,0.0,0.0,0.0,0.0,0.0,0.0,0.0,0.0,0.0,0.0,0.0,0.0,0.00386,0.21309,0.00096,0.00205,0.00118,0.00043,0.18238,0.00012,0.40391,0.0,0.0,0.0,0.0,0.0,0.0,0.0,0.0,0.0,1.0,0.0,0.0,0.0,0.0,1e-05,1.0,0.0,0.0,0.0,0.00032,0.0,0.0,9e-05,0.0,0.0,0.0,0.0,0.0,0.0,0.0,0.0,0.0,0.0,0.0,0.0,1e-05,1.0,0.0,0.0,2e-05,0.0,0.0,0.0,5e-05,0.0,0.0,0.0,0.0,0.0,0.00581,7e-05,0.0,0.99994,0.0,0.0,0.0,0.0,0.0,0.0,0.0,0.0,0.0,0.0,0.0,0.0,0.0,0.0,1e-05,6e-05,0.0,1e-05,0.0,0.0,0.0,0.00041,0.0,0.0,0.0,0.01393,6e-05,0.0,0.99999,0.00014,0.9987,0.0,1e-05,0.0,0.0,0.0,0.0,0.0,0.0,0.99993,0.0,0.04663,0.00188,0.01031,0.0,0.0,0.99996,0.0,1e-05,0.0,0.0,0.0,2e-05,1e-05,6e-05,6e-05,1e-05,0.0,0.0,0.00049,0.01757,0.99671,0.0102,0.10375,0.99443,0.95535,0.00188,0.00355,0.00021,0.00431,0.99367,0.00269,0.0,0.0,4e-05,1e-05,0.0,0.00064,1e-05,0.00026,0.0,0.0,0.00038,0.0,0.0,1e-05,0.00034,0.0,0.0,0.0,0.67024,0.0,0.0,1e-05,0.05722,0.0,0.0,4e-05,0.0,0.0,0.0,0.0,0.0,0.0,0.00095,0.99977,3e-05,1e-05,0.0,9e-05,0.00015,0.00168,0.0,0.0,0.0,0.0003,0.0,0.0,0.00246,1e-05,0.98531,0.0,0.00138,0.00012,0.55439,0.00205,1e-05,0.0,0.0,0.0,0.0,0.0,0.99999,0.0,0.0,0.0,2e-05,0.07887,0.0,0.99971,0.0,0.0,0.0,0.0,0.0,0.0,0.0,0.0,0.0,0.0,0.0,1.0,0.0,0.0,0.0,0.00053,0.0,0.0,0.0,0.00155,0.0,0.00106,0.0,0.0001,0.19134,0.70492,0.00241,0.59581,0.93015,0.94483,0.00089,0.00051,0.0,0.0,0.0,0.00231,5e-05,0.0,0.0,0.07334,0.99864,1e-05,0.0,0.0,0.0,0.0,0.0,0.0,0.0,0.0,0.0,1e-05,0.0,0.0,0.0,0.0,1.0,0.0,0.0,0.0,0.0,0.0,0.0,0.0,0.0,0.0,1.0,0.0,0.0,3e-05,1e-05,0.0,0.00018,0.0,0.0,1e-05,0.0,0.01041,0.0,0.0,0.99993,0.01391,3e-05,0.0,0.0,0.0,0.0,0.99676,0.0,0.0,0.0,0.0,0.0,1.0,0.00012,0.0,3e-05,0.00011,0.00012,0.0,0.00013,0.00169,0.0,9e-05,0.0,1.0,0.0,0.0,0.99999,0.0,0.0,1e-05,0.0,0.0,0.0,0.46143,0.0,0.0108,0.0,1.0,0.0,0.0,0.0,2e-05,1e-05,0.00045,0.99972,1e-05,1e-05,0.0,0.0007,0.0,0.0,7e-05,0.0,0.07988,0.00011,0.0,0.00019,0.0,0.0,0.0,2e-05,0.0,0.0,0.0,4e-05,0.0,0.0,2e-05,0.0,0.02333,0.0,0.0,0.0,0.0,0.0,0.07331,0.00032,1e-05,0.0,1e-05,0.0,0.0,0.0,2e-05,0.0,0.0,0.0,0.0,0.0,4e-05,0.0,0.00012,0.0,0.0,9e-05,0.0,0.0,0.069,0.0,0.0,0.0,0.0,0.01111,1.0,0.0,1.0,0.0,0.0,0.0,0.0,3e-05,0.0,0.0,0.0,1e-05,0.0,0.0,0.00024,0.0,0.0,0.0,0.99999,0.0,0.00016,0.0,1e-05,0.0,0.0,4e-05,0.0,0.0,0.0,6e-05,0.0,0.0,0.0,0.0,0.0,0.0,0.97228,0.00013,0.00015,0.00037,3e-05,3e-05,0.0,0.99998,0.0,0.0,0.0,0.0,0.0,1e-05,0.99999,1.0,0.0,0.99999,0.0,0.0,0.98664,0.0,0.0,0.0001,0.0,0.0,0.0,0.0,0.0,0.0,0.0,0.0001,0.99982,0.01163,0.00848,0.89725,8e-05,0.99996,0.0,0.00012,0.0,0.0,0.0,0.00015,0.0,0.0,0.99999,0.99999,3e-05,0.0,0.0,0.0,0.00024,0.0,0.0,0.0,0.0,0.0,0.0,0.0,1.0,0.0,7e-05,0.0,0.0,0.0,6e-05,0.00022,1.0,1.0,0.0,2e-05,0.99999,0.0,0.0,0.0,0.0,0.0,0.0,0.0,0.0,4e-05,0.0,0.0,0.0,1.0,0.0,0.0,0.0,6e-05,0.0,0.0,0.0,0.0,0.0,0.0,1e-05,0.0,0.0,0.0,0.0,0.98034,0.0,0.0,0.9798,0.0,0.0,0.0,0.0,0.0,0.00277,0.02437,0.0,0.88021,0.0,0.0,0.0,0.0,0.0,0.0,0.0,0.0,0.00018,0.0,0.0,0.0,0.0,0.0,0.0,3e-05,1e-05,2e-05,0.0,1.0,0.0,0.0,0.0,0.99999,0.0,0.0,1e-05,0.00022,0.0,0.0,0.9997,0.0,0.0,2e-05,0.99998,0.0,0.00107,0.00074,0.10546,0.96207,0.99954,0.88799,0.0,0.0,0.0,5e-05,0.0,0.0,0.0,0.0,0.0,0.00027,0.0,0.0,0.0,0.0,0.0,1e-05,0.0,0.0,0.0,0.0,0.0,0.0,0.0,0.99999,1.0,0.0,1.0,0.0,0.0,0.0,0.0,1e-05,0.0,0.0,0.0,0.0,4e-05,9e-05,0.0,0.0,0.00076,0.00021,0.0,0.00012,0.0003,1e-05,0.0,0.0,0.00121,0.00446,0.00709,0.21383,0.27101,0.00149,0.00181
0.00018,0.00224,0.00066,0.00483,0.00266,2e-05,0.0,1e-05,0.00024,0.0,0.0,0.0,0.0,0.0,0.0,0.0,0.0,0.99997,0.00026,0.0,0.0,0.0,0.0,0.0,0.0,0.0,0.0,0.0,0.0,0.0,0.0,0.61636,3e-05,0.0,0.0,0.0,0.0,0.00282,0.0,1e-05,0.0,0.0,0.0,0.0,0.0,0.0,0.0,0.0,0.0,0.0,0.0,0.98597,0.0,0.0,0.0,0.0,0.02617,6e-05,0.0,8e-05,7e-05,0.0,0.0,0.0,0.0,0.0,0.0,0.0,0.0,0.0,0.0,0.0,0.00465,0.00245,0.00035,0.00059,0.00288,0.00018,0.60911,0.16738,0.00034,0.98913,0.0,0.0,0.0,0.0,0.0,0.0,0.0,0.0,0.0,0.00082,0.0,0.0,0.0,0.0,0.0,0.0,0.0,0.99727,0.0,0.0,0.0,1e-05,0.0,0.0,0.0,0.0,0.0,0.0,0.0,0.0,0.0,0.0,0.0,0.0,0.0,0.0,0.0,0.0,0.001,0.0,0.0,0.0,1e-05,0.00036,0.0,2e-05,0.0001,0.0,2e-05,5e-05,1e-05,0.0,0.0,0.0,0.0,0.0,0.0,0.0,0.0,0.0,0.0,0.0,0.0,0.0,0.0,0.00037,0.0,1e-05,0.0,2e-05,1e-05,0.0,0.0,1e-05,3e-05,0.0,3e-05,0.0001,0.00011,0.0,0.0,0.0,0.0,0.0,0.0,0.0,0.0,0.0,0.0,0.0,0.0,0.0,0.0,3e-05,0.00048,7e-05,0.0,0.99778,0.0,0.0,0.0,0.0,0.0,0.0,3e-05,0.0,0.00021,0.0,0.04708,0.00057,2e-05,9e-05,0.00033,2e-05,0.01123,4e-05,2e-05,0.00461,0.00568,0.01966,0.01459,0.00022,0.0,0.00027,0.0,0.0,5e-05,0.0,0.0,5e-05,0.0,0.00107,0.0,0.98958,0.00155,0.0,1.0,0.0,2e-05,0.0,0.0,0.0,0.00091,0.0,0.0,0.0,1e-05,0.0,0.0,1e-05,0.0,0.0,0.0,0.00013,1e-05,0.0,0.00011,0.0,1e-05,0.0,0.0,1e-05,0.00025,5e-05,0.0,0.0,0.0,0.05346,0.0,0.0,0.0,0.00275,1e-05,0.0,7e-05,0.00532,5e-05,0.00045,0.0,0.0,0.0,0.0,0.0,0.0,0.0,0.0,0.0,0.0,8e-05,0.00032,0.0,0.0,0.0,0.0,0.0,0.0,0.0,0.0,0.0,0.0,0.0,0.0,0.0,0.0,0.0,0.0,0.0,0.00032,0.0,0.0,0.0,8e-05,0.0,0.00846,0.0,0.00022,0.00021,0.00038,0.00088,2e-05,6e-05,2e-05,0.00097,0.00102,0.0,0.0,0.0,0.00015,1e-05,0.0,0.0,0.00116,0.0,1e-05,0.0,0.0,0.0,0.03027,0.0,0.0,1e-05,0.0,0.0,0.0,0.0,0.0,2e-05,0.0,0.0,0.04291,0.0,0.0,3e-05,0.0,0.0,0.0,0.0,0.0,0.0,0.0,0.0,0.00177,1e-05,0.0,0.00011,0.99644,0.0,3e-05,0.0,4e-05,2e-05,0.0,0.0,0.00012,2e-05,0.0,0.0,0.0,0.99963,1e-05,0.0,0.0,0.0,0.0,2e-05,0.0,0.0,0.0,0.54269,0.00043,0.00139,0.0,4e-05,0.00012,0.0,4e-05,0.0,0.0,0.0,0.0,0.0,0.0,0.0,0.0,0.0,0.0,0.00018,3e-05,0.0,0.25464,0.0,0.0,0.0,0.0,0.0,0.0,0.0,0.00011,0.0,0.00029,0.0,0.0,0.00643,0.0,0.0,2e-05,0.0,0.00142,0.00062,0.0,9e-05,0.0,0.0,0.0,0.0,0.0,0.0,0.0,0.00043,0.0,5e-05,1e-05,8e-05,1e-05,0.0,0.0,0.0,0.0,0.0,0.0,0.00048,0.0,0.0,0.99284,0.0,0.0,0.0,0.0,0.0,0.0,0.0,0.0,0.0,0.00037,0.0,6e-05,1e-05,0.0,4e-05,0.0,0.0,0.85367,0.0,0.0,0.0,0.0,0.00043,0.0,0.0,0.0,0.0,0.0,1.0,0.0,0.0,0.0,0.0,0.0,0.0,0.0,0.0,4e-05,1e-05,0.0,0.0,0.0,0.0,0.19372,0.0,0.0,0.0,0.0,2e-05,0.0,0.0,0.0,0.0,0.0,0.0,0.0,0.0,0.0,0.0,0.00011,0.00039,2e-05,4e-05,1e-05,0.0,0.0,0.0,0.0,0.99499,0.0,0.0,0.0,0.0,0.0,0.0,0.99999,0.0,0.0,0.0,0.0,0.0,0.0,0.27386,0.0,4e-05,0.0,0.0,0.0,0.0,0.0,0.00051,0.0,0.00023,0.01806,0.00142,6e-05,0.0,0.0,3e-05,0.0,0.0,0.0,0.00022,0.0,1e-05,0.0,0.0,0.0,0.0,0.0,1e-05,0.00085,0.0,0.0,0.0,0.0,0.0,0.0,0.0,0.0,0.0,0.00017,0.0,0.0,0.0,0.0,0.10477,0.0,0.0,0.0,0.59653,0.0,0.0,0.0,0.0,0.0,0.0,0.0,0.00013,0.0,2e-05,0.0,3e-05,0.0,0.0,0.0,0.00564,1.0,0.0,0.0,0.0,0.0,0.0,0.0,0.0,0.0,0.0,0.0,0.0,0.0,0.0,1e-05,0.0,0.0,0.0,0.0001,0.0,0.0,0.0,0.0,0.00198,0.0,0.00023,0.0,0.0,0.0,0.0,0.0,0.0,0.0,0.0,0.00512,0.0,0.0,0.0,0.0,0.0,0.0,0.0,0.0,0.02338,6e-05,0.0,0.0,0.0,0.0,0.0,0.0,0.0,1e-05,0.0,0.0,0.0,0.0,4e-05,0.0,0.00051,0.0,0.0,0.00014,0.00012,0.0002,0.00013,0.0,0.00055,0.00051,0.0,0.0,0.00024,0.0,0.0,0.0,0.0,0.0,0.0,0.0,0.0,0.0,0.0,0.0,0.0,0.0,0.0,0.0,0.0,0.0,0.0,0.0,0.0,0.0,0.0,0.0,0.00022,0.0,0.0,0.0,2e-05,0.99999,0.0,0.99999,0.0,0.0,0.00038,0.0,0.0,3e-05,0.99511,0.0,2e-05,0.00017,3e-05,0.0,0.0,0.00039,0.00016,0.37989,0.00371,0.00622,0.00194,0.00067
0.00484,0.00494,2e-05,0.00097,0.00925,0.0,0.0,0.0,0.0,0.99997,0.0,0.0,4e-05,0.0,0.0,0.00012,0.0,0.0,0.0,0.0,0.0,0.0,0.0,0.0,0.0,0.0,0.0,0.0,0.0,2e-05,0.0,0.0,0.0,0.0,0.0,0.0,0.99685,1e-05,0.0,0.00302,0.0,0.0,4e-05,0.0,0.0,0.0,0.0,0.0,0.00019,0.0,0.0,0.0,0.0,0.0,0.0,0.0,0.19037,0.0,0.0,0.0,2e-05,0.0,0.001,0.0,0.00088,0.0,8e-05,0.0,0.0,1e-05,0.0,0.0,0.00028,0.01944,0.15644,0.00038,0.15265,0.0,0.00015,1e-05,0.0,0.0,0.0,0.99985,0.0,1e-05,0.06823,0.0,0.0,0.0,0.0,0.0,0.0,0.0,0.0,0.00583,0.0,0.0,3e-05,0.0,0.0,0.0,2e-05,0.0,1e-05,0.0,0.0,0.0,0.0,0.00236,0.0002,1e-05,0.00014,0.0,0.0,4e-05,0.0,0.0,0.00904,0.0,0.00049,0.0,0.0,0.0,0.00075,9e-05,0.0,0.0,9e-05,0.0,0.0,2e-05,0.00011,0.0,0.72874,0.0,0.0,9e-05,0.47633,0.0,0.06427,0.0,0.0,1e-05,0.0,0.0,0.0,0.0,0.0,0.0,0.0,0.0,0.0,0.00842,0.00028,0.0,0.0,1e-05,0.0,0.0,1e-05,0.0,0.0,0.0,0.0,0.05657,1e-05,0.0,0.0027,0.0,0.00346,0.0,0.99726,0.0,0.0,0.0,3e-05,1e-05,0.0,0.0,0.0,0.0077,5e-05,0.0,0.01238,0.00016,1e-05,0.0,3e-05,0.0,3e-05,0.23844,0.0,0.0,1e-05,0.0,0.0,1e-05,0.0,1e-05,0.003,0.00759,0.0,0.00709,0.0,1e-05,0.66706,0.0,0.0,0.0,0.01338,2e-05,0.0,0.0,0.0,0.0,0.0,0.00059,0.0,0.0,0.0,0.00425,0.03789,0.0,0.0,0.99959,0.00012,0.0011,0.0,0.0,0.0,0.0,7e-05,6e-05,0.0,0.0,0.0,4e-05,0.0,0.0,0.0,0.03014,0.0,0.0,0.022,0.0,0.0,0.0001,0.0,0.0,0.00016,0.00019,0.0,1e-05,0.0,0.07031,1e-05,0.0,0.0,2e-05,0.00482,0.0,0.0,0.00016,0.03094,0.0,0.0,0.0,0.0,0.00012,0.0438,0.0,0.25544,0.0,7e-05,0.0,0.0,4e-05,0.0,0.0,0.0,0.9993,3e-05,0.0,0.99887,0.0,0.0,0.0,0.0,0.06703,0.0,0.0,0.0,6e-05,0.02225,0.00336,0.04354,0.27056,0.00048,0.00159,1e-05,0.0,0.0,0.0,5e-05,0.00123,0.03798,0.0,0.51824,2e-05,1e-05,0.0,0.0,5e-05,0.0,0.0,0.0,0.0001,3e-05,0.00071,0.00222,0.0,0.0,0.0,0.01466,0.0,0.0,0.0,0.0,0.00101,0.0,0.0,0.18337,0.0,0.00074,0.0,0.0,0.00013,0.00015,0.0,0.0,0.0,0.02285,1e-05,0.0,0.0,0.0,0.0,4e-05,0.03879,0.0,0.0,0.0,0.0,0.0,1e-05,0.0,0.0,0.0,0.0003,0.0,0.0,0.21204,4e-05,0.0,0.00017,0.0,0.0,0.0,0.0,0.0,0.02712,0.0,0.0109,0.0,1e-05,0.27114,3e-05,0.0,0.0,0.0,0.99999,0.0,0.0,0.00039,0.0,0.0,1e-05,0.0,0.0,0.0,8e-05,0.0,0.0,0.0,0.0,1e-05,0.0,0.0,0.0,0.0,1e-05,0.0,0.03491,0.00436,0.03702,0.0,1e-05,0.89053,0.0,0.1039,0.0,0.0,0.0,1e-05,0.00022,0.0,0.01476,0.0,0.98608,0.00037,0.0,0.0,0.0,0.0,0.0,0.0,0.0,0.0,0.0,1e-05,0.0,0.0,0.0,0.0,0.0,0.0,0.00013,0.03338,0.0,0.0,0.0,0.0,1e-05,1e-05,1e-05,0.02989,0.0,0.0,0.0,0.0,0.0,0.0,0.0,0.0,0.0,0.00188,4e-05,0.0,0.0,5e-05,0.0,0.0,0.0,0.0,9e-05,0.0,0.0186,0.00117,0.73269,0.0,0.0,1e-05,0.0,0.0,0.0,0.0,0.0,0.00042,0.0,8e-05,0.0,0.0,0.0,0.0,1e-05,0.0,1e-05,0.0,0.0,0.0,0.0,0.0,0.99985,1e-05,0.0,2e-05,1e-05,5e-05,0.0,0.0,0.0,0.0,0.0,0.0,0.0,0.0,0.0,0.0,0.0,0.0,0.0,0.0,0.0,0.0,0.0,0.0095,0.0,8e-05,0.00474,0.0,0.23887,0.0,0.0,0.00028,0.0,0.0,0.0,5e-05,0.00179,0.00044,1e-05,0.0,0.0,0.0,0.0,0.04278,0.0,0.0,0.96566,0.00346,0.0,0.0,1e-05,0.99497,0.0,0.0,0.0,0.0,0.99908,0.0,0.0,0.00013,0.0,0.0,0.0,0.43555,0.0001,0.0,0.0,0.0,0.0,0.0,0.0,0.0,0.0049,2e-05,0.0,0.0,0.0,0.0004,0.00039,0.0,0.00289,0.0,0.00011,2e-05,0.00028,0.00017,0.0,0.0,0.0,0.0,0.0,0.0,0.00015,0.0,0.0,0.0,0.0,0.0,0.0,0.0,0.0,0.00017,0.0,0.0,0.0,0.00048,0.0,0.0,0.0,0.0,0.0,0.00238,0.0,4e-05,0.0,0.0,0.0,0.01415,0.02886,1e-05,0.0,0.0,0.991,0.0,0.00026,0.10281,0.0,0.00026,1e-05,0.00463,0.0,0.0,0.0,0.00259,1e-05,0.0,0.0,0.00419,0.0,0.0,0.0,0.00011,0.0,0.0,0.0,0.0,0.0,0.0,0.0006,5e-05,0.0,0.0,0.0,1e-05,1e-05,0.0,0.0,0.0,0.0,0.12707,0.99918,5e-05,0.0,0.00052,0.00013,0.0,0.0,0.0,0.0,0.31109,8e-05,0.0,0.0,0.0,0.95765,0.0,0.0,0.0,0.0,0.01364,0.0,0.0,0.0,0.0,0.0,0.0,0.0,0.0,0.56452,0.0,0.0,0.0,0.0,0.0,0.0,0.00183,0.00297,0.0,1e-05,0.0,0.00282,0.00123,0.0,0.0,0.00177,0.30677,4e-05,0.00022,0.00253,0.002,0.00239,0.0838,0.00023
0.0116,0.00984,6e-05,0.00148,0.00928,1e-05,0.0,0.0,0.0,0.0,0.0,0.0,0.0,0.0,0.99999,1e-05,0.0,0.0,0.0,0.0,0.0,0.0,0.0,0.0,0.0,1.0,0.0,0.0,0.0,0.99885,1.0,0.0,0.0,0.0,0.0,0.0,0.00115,2e-05,0.0,0.9144,0.0,0.0,0.0,0.0,0.0,0.0,0.0,0.0,0.0,0.0,0.0,1e-05,0.0,0.0,0.0,0.0,0.00103,0.0,0.0,0.0,0.00032,0.0,0.99892,0.0,0.97038,0.0,0.99797,0.0,0.0,0.00044,0.0,0.0,0.00029,0.0123,0.02719,0.00094,0.26705,1e-05,0.00119,6e-05,0.0,0.0,0.0,0.0,0.0,0.99998,0.9317,0.0,0.0,0.0,0.0,0.0,1e-05,0.0,0.0,6e-05,0.0,0.0,4e-05,0.0,0.0,0.0,0.99457,0.0,0.0,0.0,0.0,0.99999,0.0,1e-05,0.00246,0.0,0.0,0.0,0.0,0.0,0.0,0.0,0.01228,0.0,0.00049,0.0,0.0,0.0,0.00024,0.15905,0.0,0.0,0.01068,0.0,0.0,3e-05,0.99872,0.0,0.21056,0.0,0.0,0.00632,0.00035,0.0,2e-05,0.0,0.0,0.99979,0.0,0.0,0.0,0.0,0.0,0.0,0.0,0.0,0.0,0.00018,0.99947,0.0,0.0,0.99994,0.0,0.0,1e-05,0.0,0.0,0.0,0.0,3e-05,3e-05,0.0,0.99701,0.0,0.99579,0.0,0.00048,0.0,0.0,0.0,6e-05,2e-05,0.00043,0.0,0.0,5e-05,0.0,0.0,0.95176,0.99892,0.0,0.0,2e-05,0.0,0.00052,0.59822,0.0,0.0,1e-05,0.0,0.0,2e-05,0.0,5e-05,0.00216,0.00957,1e-05,0.00505,0.0,2e-05,0.01311,0.0,0.0,0.0,0.01621,3e-05,0.0,3e-05,0.0,0.0,1e-05,1e-05,0.0,0.0,0.0,0.98323,6e-05,0.0,1e-05,3e-05,0.0,0.00014,0.0,0.0,0.0,0.0,0.99881,0.98821,0.0,0.0,0.0,0.9999,0.0,0.0,0.0,0.00084,0.0,0.0,0.01116,0.0,0.0,0.99975,0.0,1e-05,1e-05,0.99052,0.0,3e-05,0.0,0.00018,2e-05,0.0,0.0,3e-05,0.00031,1e-05,0.0,0.0,0.07399,0.0,0.0,0.0,0.0,2e-05,0.00145,2e-05,0.00011,0.0,0.0,0.0,0.0,0.9999,0.0,0.0,1e-05,0.00045,1e-05,0.0,0.00094,0.0,0.0,0.0,0.0,0.05926,0.0,0.0,0.0,0.00014,0.00111,0.00253,0.0044,0.08064,0.00047,0.00111,2e-05,1e-05,0.0,0.0,5e-05,0.00117,0.00039,0.0,0.00593,3e-05,2e-05,0.0,0.0,8e-05,0.0,0.0,0.0,0.99974,4e-05,0.00276,1e-05,0.0,0.0,0.0,7e-05,1e-05,0.0,0.0,0.0,0.0007,0.0,0.0,0.02235,0.0,0.7371,1e-05,0.0,0.0,0.99981,0.0,0.0,0.0,0.00072,2e-05,0.0,0.0,4e-05,0.0,0.99991,0.00112,0.0,0.0,0.0,0.0,0.0,1e-05,0.0,0.0,0.0,0.99707,0.0,0.0,0.78137,0.00043,0.0,0.0783,0.0,0.0,0.0,0.0,1e-05,0.6492,0.0,0.00014,0.0,2e-05,0.3717,5e-05,0.0,0.0,0.0,0.0,0.0,0.0,0.0,0.0,0.0,0.99997,0.0,0.0,0.0,0.00474,0.0,0.0,0.0,0.0,0.99997,0.0,0.0,0.0,0.0,4e-05,0.0,0.00104,0.00165,0.00342,0.0,1e-05,0.00066,1e-05,0.37873,0.0,1e-05,0.0,0.0,0.99066,0.0,0.00247,0.0,0.00537,5e-05,0.0,0.0,0.0,0.0,0.0,0.0,0.0,0.0,0.0,0.99997,0.0,0.0,0.0,1.0,0.0,0.0,0.99982,0.39906,0.0,0.0,0.0,0.0,0.0,0.99997,4e-05,0.00358,0.0,0.0,0.0,0.0,0.0,0.0,2e-05,0.0,0.0,0.99793,0.9999,0.0,0.0,0.10243,0.0,0.0,0.0,0.0,0.99989,0.0,2e-05,8e-05,0.05441,0.0,0.0,0.99999,1e-05,0.0,0.0,1e-05,0.0,1e-05,4e-05,0.0,0.0,0.0,0.0,0.0,0.0,0.0,0.0,0.0,0.0,0.0,0.0,0.0,1e-05,0.0,0.0,9e-05,1e-05,0.00022,0.0,0.0,0.0,0.0,0.0,0.00013,0.0,0.0,0.0,0.0,0.0,0.0,0.0,0.0,0.0,0.0,0.0,7e-05,0.0,0.00029,0.99449,0.0,0.00188,0.0,0.0,0.99921,0.0,2e-05,0.0,6e-05,0.00465,0.00077,1e-05,0.0,3e-05,0.0,1e-05,0.0008,0.0,0.0,4e-05,0.00025,0.0,0.0,1e-05,9e-05,0.0,0.0,0.0,1e-05,0.00028,0.0,0.0,0.0,0.0,0.0,0.0,0.0001,0.00025,0.0,0.0,0.0,0.0,1e-05,0.0,0.0,0.00028,0.00101,0.0,0.0,0.0,0.0,0.0,0.0,2e-05,0.0,1e-05,0.0,0.01165,0.00095,0.0,0.0,0.0,0.0,0.0,0.0,0.0,0.0,0.0,0.0,0.0,4e-05,0.0,0.0,0.0,0.00106,0.0,0.0,0.0,0.97455,0.0,0.00024,0.0,0.0,0.0,0.13841,0.0,7e-05,0.0,1e-05,0.0,0.00016,0.14789,0.99997,0.0,0.0,5e-05,0.0,0.00384,0.00553,0.0,0.0,0.0,2e-05,0.0,0.0,0.0,0.04786,0.00729,0.0,0.0,0.0,0.00013,0.0,0.0,0.99982,0.0,0.0,0.0,0.0,0.0,0.0,0.0,0.00021,0.0,0.0,0.0,4e-05,2e-05,4e-05,0.0,0.0,0.0,0.00285,1e-05,3e-05,0.0,0.04,0.0,0.0,0.0,0.0,0.0,0.64843,7e-05,0.0,0.0,0.0,0.00081,0.0,1.0,0.0,0.0,0.95931,0.0,0.0,0.0,0.0,0.0,0.0,0.0,0.0,0.00314,0.0,0.0,0.0,0.0,0.0,0.0,0.00283,0.03248,0.0,3e-05,0.0,0.99235,0.00063,0.0,0.0,7e-05,0.00038,7e-05,0.00038,0.01002,0.00334,0.00427,0.72194,0.00051
0.00082,0.00688,0.19054,0.02781,8e-05,9e-05,0.0,2e-05,0.4422,0.0,0.0,0.0,0.0,0.0,0.0,0.0,0.0,0.0,0.0,0.0,0.0,0.0,1.0,0.0,0.0,0.0,0.0,0.0,0.0,0.0,0.0,0.0,0.00172,0.0,0.0,0.0,0.0,0.10674,2e-05,1e-05,0.0,2e-05,0.0,0.0,0.0,0.0,0.0,0.0,0.0,0.0,0.0,0.0,1e-05,0.0,0.0,0.0,0.02213,0.96405,1e-05,0.0,0.0,0.0,0.0,0.0,0.0,0.0,0.0,0.0,0.0,0.0,1e-05,0.0,0.01072,0.00392,0.00123,0.00137,0.00198,0.00089,0.00287,0.36735,0.00049,0.0,0.99996,0.0,0.0,0.0,0.0,0.0,0.0,0.0,0.0,0.0,0.0,0.0,0.0,0.0,0.0,0.0,0.0,0.0,0.0,0.0,0.0,3e-05,0.0,0.0,0.0,0.0,0.0,0.0,0.0,0.0,0.0,0.0,0.0,0.0,1e-05,0.0,0.0,0.0,2e-05,0.0,0.0,1e-05,1e-05,0.0,0.0,0.004,0.00299,0.0,0.00016,0.0004,0.0,0.0,0.0,0.0,1e-05,0.0,0.0,0.0,0.0,0.0,1.0,0.0,0.0,0.0004,0.0,4e-05,0.0,0.0,0.0,1e-05,0.00025,1e-05,0.0,6e-05,0.00011,0.0,0.00022,0.00037,0.25592,0.0,0.0,0.0,0.0,0.0,0.0,0.0,0.0,0.0,0.0,0.0,0.0,0.0,0.00043,0.00026,0.00077,0.00013,0.0,1e-05,0.0,0.0,0.0,0.0,0.0,0.0,0.0001,0.0,0.55854,0.0,1e-05,5e-05,0.0,0.00021,0.00058,5e-05,0.00925,0.0001,0.00019,0.00099,0.2161,0.01897,0.00972,0.00082,1e-05,0.00064,0.0,0.0,0.00014,4e-05,0.0,0.00251,1e-05,0.01822,1e-05,0.00021,0.01104,0.0,0.0,1e-05,8e-05,0.0,0.0,0.0,0.00355,0.0,0.0,0.0,1e-05,0.0,0.0,3e-05,0.0,0.0,0.0,0.01987,0.0,0.0,0.00056,0.0,3e-05,3e-05,0.0,1e-05,8e-05,0.00076,6e-05,0.0,2e-05,0.33213,1e-05,0.0,1e-05,0.27206,8e-05,0.0,0.00042,0.00193,5e-05,0.01595,1e-05,0.0,0.0,0.0,0.0,0.0,0.0,0.0,0.0,0.0,0.00469,0.00018,0.0,0.0,0.0,0.0,2e-05,0.0,0.0,0.0,0.0,0.0,0.0,1e-05,0.0,0.0,0.0,0.0,0.0,0.00106,0.0,2e-05,0.0,0.00019,1e-05,0.04778,0.0,0.00041,0.00081,0.00067,0.00135,3e-05,9e-05,3e-05,0.00494,0.00102,0.0,1e-05,0.0,0.00048,0.0,0.0,0.0,0.00115,0.0,1e-05,0.0,0.0,0.0,1e-05,0.0,0.0,0.99884,0.0,0.0,0.0,0.0,0.0,0.0,0.0,0.0,0.00102,0.0,0.0,0.0,0.0,0.66234,0.0,0.0,0.0,0.0,0.0,0.0,0.13145,3e-05,0.0,3e-05,2e-05,0.0,2e-05,0.0,5e-05,0.00052,0.0,0.0,0.00048,1e-05,0.0,1e-05,0.0,0.0,2e-05,0.0,0.0,0.0,0.0,0.00018,0.0,0.9985,1e-05,0.00022,0.00069,0.00013,0.0,2e-05,0.00558,0.0,8e-05,0.0,0.0,0.0,0.0,0.0,0.0,0.0,0.0,1.0,0.0,1e-05,1e-05,0.0,0.02131,0.0,0.0,0.0,0.0,0.0,0.0,2e-05,0.97718,0.0,0.77211,0.0,1e-05,0.00862,0.0,0.0,0.00025,0.0,0.00362,8e-05,0.0,0.00056,0.0,0.0,0.0,0.0,0.0,0.0,0.0,0.68267,0.0,0.00195,3e-05,0.0008,3e-05,0.0,0.0,0.0,0.99997,0.0,0.0,0.00026,0.0,0.0,5e-05,9e-05,0.0,0.0,1e-05,0.0,0.0,0.0,0.0,0.0,0.01625,0.0,0.00034,2e-05,0.0,0.00011,0.0,0.0,0.00149,0.0,0.0,0.0,0.0,0.00076,0.0,0.0,0.0,0.0,0.0,0.0,0.0,2e-05,0.0,0.0,0.0,1e-05,0.00112,0.0,0.00271,0.00012,0.99968,0.0,0.0,0.0,0.00492,0.0,0.0,0.00032,0.0,8e-05,0.0,0.00014,0.0,1e-05,0.0,0.0,0.0,0.0,0.0,1e-05,0.00159,0.0055,8e-05,2e-05,0.00026,0.0,0.0,0.0,0.99988,0.0,0.99993,0.99997,0.0,0.0,0.0,0.0,0.0,0.0,0.0,0.0,0.0,0.0,0.0,0.00348,0.0,0.00196,0.0,4e-05,0.0,0.0,1e-05,0.00709,0.0,0.00048,0.17174,0.0032,0.00133,0.0,0.0,0.00052,0.0,1e-05,0.0,0.8886,0.0,0.00879,0.0,0.0,0.0,0.0,0.0,0.00027,0.0006,0.0,0.0,0.0,0.0,0.0,2e-05,0.99943,0.0,0.0,0.0007,0.0,0.0,0.0,0.0,0.00486,0.0,0.0,0.0,7e-05,0.0,0.0,0.0,0.0,0.0,0.0,0.0,0.00094,0.0,0.00022,0.0,0.0,0.0,0.0,0.99993,0.0,0.0,1e-05,0.0,0.0,0.0,0.0,0.0,0.0,0.0,0.0,0.99974,0.0,0.0,0.0,0.00013,0.0,0.0,0.0,0.02592,1e-05,0.0,0.0,1e-05,0.57531,0.0,0.00093,0.0,0.0,0.0,0.0,0.0,0.0,0.0,0.0,0.0177,0.0,7e-05,0.0,0.0,0.0,0.0,1e-05,3e-05,2e-05,2e-05,0.0,0.0,0.0,0.0,0.0,0.0,0.0,1e-05,0.0,0.0,0.0,0.0,0.00053,0.0,0.0008,0.0,0.0,0.00056,0.00018,0.0049,5e-05,0.0,0.00135,2e-05,1e-05,0.0,0.00134,0.0,0.0,0.0,0.0,1e-05,0.0,0.0,0.0,0.0,2e-05,0.0,0.0,0.0,0.0,0.0,0.0,0.0,0.0,0.0,0.0,0.0,1e-05,0.0,0.0007,0.0,0.0,0.0,0.00088,0.0,0.0,0.0,0.0,2e-05,0.00078,0.0,0.0,6e-05,2e-05,0.0,5e-05,0.00317,0.98296,0.0,0.0,0.08295,0.00074,0.03641,0.4677,0.43732,0.00251,0.00601
0.97056,0.00461,6e-05,0.00203,0.00392,0.0,0.0,0.0,1e-05,0.0,0.0,0.0,0.0,0.0,1e-05,0.0,0.0,0.0,0.0,0.0,0.0,0.0,0.0,0.0,0.0,0.0,0.0,0.0,0.0,0.00113,0.0,0.0,0.0,0.0,0.0,1e-05,0.0001,5e-05,0.0,0.0693,0.0,0.0,0.0,0.0,0.0,0.0,0.0,0.0,0.0,1e-05,0.0,0.0,0.0,0.0,0.0,0.0,0.00263,0.0,0.0,0.0,0.99957,0.0,4e-05,0.0,0.0268,0.0,0.00192,0.0,0.0,1e-05,0.0,0.0,0.00074,0.00741,0.01641,0.00025,0.03136,1e-05,0.00069,0.0001,2e-05,0.0,0.0,0.0,0.0,1e-05,3e-05,0.0,0.0,0.0,0.0,0.0,1e-05,0.0,0.0,8e-05,0.0,0.0,0.0,0.0,0.0,0.0,0.00541,0.0,0.0,0.0,0.0,1e-05,0.0,0.0,4e-05,0.0,0.0,0.0,0.0,0.0,0.0,0.0,6e-05,0.0,0.00018,0.0,0.0,0.0,0.00069,0.00102,0.0,0.0,0.56654,0.0,1e-05,6e-05,0.00067,0.0,0.00147,0.0,0.0,0.99357,4e-05,0.0,1e-05,0.0,0.0,0.00016,0.0,0.0,0.0,0.0,0.0,0.0,0.0,0.0,0.0,0.00031,0.00012,1e-05,0.0,4e-05,0.0,1e-05,5e-05,0.0,0.0,1e-05,0.0,1e-05,2e-05,0.0,0.00012,0.0,0.00046,0.0,4e-05,0.0,0.0,1e-05,0.00013,4e-05,1e-05,0.0,0.0,1e-05,1e-05,0.0,0.00149,0.00014,3e-05,0.0,0.0002,0.0,0.00016,0.07606,0.0,0.0,3e-05,0.0,1e-05,5e-05,0.0,7e-05,0.00289,0.00912,3e-05,0.00397,0.0,2e-05,0.00192,0.0,0.0,0.0,0.96582,9e-05,0.0,0.00014,0.0,0.0,2e-05,0.0,0.0,0.0,1e-05,0.00053,2e-05,0.0,3e-05,1e-05,0.0,0.0001,1e-05,0.0,0.0,0.0,0.0009,0.01172,0.0,0.0,0.0,5e-05,1e-05,0.0,0.0,0.00058,0.0,0.0,0.00222,1e-05,0.0,0.00012,0.0,2e-05,8e-05,0.00923,1e-05,7e-05,0.0,0.00062,5e-05,1e-05,1e-05,0.00012,0.00022,0.0,0.0,0.0,0.00092,0.0,0.0,0.0,0.0,0.0001,0.00929,1e-05,3e-05,0.0,0.0,0.0,0.0,5e-05,0.0,0.0,0.0,3e-05,0.0,0.0,1e-05,0.0,0.0,0.0,0.0,0.14781,0.0,0.0,0.0,6e-05,0.00077,0.00265,0.00086,0.03464,0.00076,0.00106,2e-05,2e-05,0.0,0.0,0.00023,0.00372,0.00016,0.0,0.0011,4e-05,1e-05,0.0,0.0,0.00013,0.0,0.0,0.0,0.00013,2e-05,0.00178,0.0,0.0,0.0,0.0,4e-05,1e-05,0.0,0.0,0.0,2e-05,0.0,0.0,7e-05,0.0,0.21855,0.0,0.0,0.0,3e-05,0.0,0.0,0.0,2e-05,9e-05,0.0,0.0,4e-05,0.0,5e-05,0.00124,0.0,2e-05,0.0,0.0,0.0,3e-05,0.0,0.0,0.0,0.00069,0.0,0.0,0.0003,0.00238,0.0,0.92148,0.0,0.0,0.0,0.0,2e-05,0.04121,0.0,0.00031,0.0,6e-05,0.00092,1e-05,0.0,0.0,0.0,0.0,0.0,0.0,0.0,0.0,0.0,2e-05,1e-05,0.0,0.0,0.01706,0.0,0.0,0.0,0.0,2e-05,0.0,0.0,2e-05,0.0,0.00036,0.0,0.00028,0.00285,0.00314,0.0,6e-05,0.00029,3e-05,0.12844,0.0,1e-05,0.0,0.0,0.00056,0.0,0.02275,0.0,8e-05,0.00056,0.0,0.0,0.0,0.0,2e-05,0.0,0.0,0.0,0.0,2e-05,0.00015,0.0,0.0,0.0,0.0,0.0,3e-05,0.00686,0.0,0.0,0.0,0.0,1e-05,2e-05,8e-05,2e-05,0.0,0.0,0.0,0.0,0.0,0.0,2e-05,0.0,0.0,4e-05,5e-05,1e-05,0.0,0.89747,0.0,0.0,4e-05,0.0,1e-05,0.0,2e-05,0.00012,0.0013,0.0,0.0,1e-05,4e-05,0.0,0.0,0.0,0.0,0.0,6e-05,0.0,0.0,1e-05,0.0,0.0,0.0,0.0,0.0,0.0,0.0,0.0,0.0,0.0,0.0,1e-05,1e-05,2e-05,7e-05,0.00024,0.0,0.0,0.0,0.0,0.0,1e-05,0.0,0.0,0.0,0.0,0.0,0.0,0.0,0.0,0.0,0.0,0.0,2e-05,0.0,0.0098,0.00047,0.0,7e-05,0.0,0.0,0.00042,0.0,2e-05,0.0,0.00011,0.00205,0.00041,2e-05,0.0,0.0,0.0,0.0,0.00044,0.0,3e-05,1e-05,0.00029,0.0,0.0,2e-05,1e-05,0.0,0.0,2e-05,0.0,3e-05,0.0,0.0,0.0,0.0,0.0,0.0,2e-05,0.00814,0.0,0.0,0.99999,0.0,4e-05,0.0,0.0,0.00064,0.00818,0.0,0.0,0.0,0.0,0.0,0.0,1e-05,0.0,0.0,5e-05,3e-05,8e-05,0.0,0.0,0.0,0.0,0.0,0.0,0.0,0.0,0.0,0.0,0.0,0.99995,0.0,0.0,0.0,0.99816,0.0,0.0,0.0,0.02483,0.0,0.0,0.0,0.0,0.0,0.85802,0.0,0.00028,0.0,2e-05,0.0,5e-05,0.00078,1e-05,0.0,0.0,2e-05,0.0,0.00829,0.00045,0.0,0.0,0.0,1e-05,0.0,0.0,0.0,0.00525,0.00054,0.0,0.0,0.0,0.99986,0.0,0.0,6e-05,0.0,0.0,0.0,0.0,0.0,0.0,0.0,0.00047,0.0,0.0,0.0,7e-05,8e-05,5e-05,0.0,1e-05,0.0,0.0024,0.0,0.00036,0.0,0.95862,0.0,0.0,0.0,0.0,0.0,0.0194,0.99964,0.0,0.0,0.0,0.01318,0.0,0.0,0.0,0.0,0.02682,0.0,0.0,0.0,0.0,0.0,0.0,0.0,0.0,0.01994,0.0,0.0,0.0,0.0,0.0,0.0,0.00079,0.0229,0.0,1e-05,0.0,0.00044,0.0004,1e-05,1e-05,2e-05,0.00012,0.00015,0.00036,0.00293,0.00279,0.00312,0.03079,0.0003
0.00145,0.00271,0.0,0.00025,0.69663,0.0,0.0,0.0,0.0,0.0,0.0,0.0,0.0,0.0,0.0,0.0,0.0,0.0,0.0,0.0,0.0,0.0,0.0,0.0,0.0,0.0,0.0,0.0,0.0,0.0,0.0,0.00532,0.0,0.0,0.0,0.0,0.0,0.0,0.0,6e-05,0.0,0.0,0.0,0.0,0.0,0.0,0.0,0.0,0.0,0.0,0.0,0.00362,0.0,0.0,0.0,0.0,1e-05,0.0,0.0,0.0,0.0,0.0,0.0,0.0,2e-05,0.0,0.0,0.0,0.0,0.99953,0.0,0.0,7e-05,0.00328,0.00174,0.0001,0.10805,0.0,0.00525,0.0,0.0,1e-05,0.0,0.0,0.0,0.0,0.0,0.0,0.0,0.0,0.0,1e-05,5e-05,0.0,1.0,0.0,0.0,0.0,0.0,0.0,0.0,0.0,0.0,0.0,0.0,0.0,0.0,0.0,0.0,0.0,0.99639,0.0,0.0,0.0,0.0,0.0,0.0,0.0,0.0,0.0,3e-05,0.0,0.0,0.0,0.0,1e-05,0.0,0.0,0.0,0.0,0.0,0.0,2e-05,0.0,1e-05,0.0,0.0,1e-05,1e-05,0.99999,0.0,0.0,0.0,0.0,0.0,0.0,0.0,0.0,0.0,0.0,0.99985,0.0,0.0,1e-05,1e-05,0.0,0.0,0.0,0.0,0.0,0.0,0.99999,0.0,0.0,0.0,2e-05,0.0,0.0,1e-05,0.0,4e-05,0.0,0.0,0.0,0.0,0.0,0.0,1e-05,0.99952,0.0,0.0,0.0,0.0,0.0,0.00016,0.00076,0.0,0.0,0.0,0.0,0.00694,0.01203,9e-05,0.0,1e-05,0.0,0.0,1e-05,0.0,2e-05,0.00014,0.0007,0.0,0.00011,0.0,0.0,6e-05,0.0,0.0,0.0,0.0001,0.0,0.0,0.0,0.0,0.0,0.0,0.0,0.0,0.0,0.0,5e-05,0.0,0.0,0.0,0.0,0.0,1e-05,0.0,0.0,0.0,0.0,1e-05,1e-05,0.0,0.0,0.01518,1e-05,0.0,0.0,0.0,2e-05,0.0,0.0,0.0038,0.0,0.0,2e-05,0.0,0.0,0.0,2e-05,0.0,0.0,0.0,0.0,0.0,0.0,0.0,0.0,1e-05,0.99994,0.0,0.0,6e-05,0.0,0.0,0.0,0.0,0.0,2e-05,0.0,0.0,0.0,0.0,0.0,0.0,1e-05,0.0,0.0,0.9984,0.0,0.0,0.0,0.0,0.0,0.0,0.0,0.0,0.00049,0.0,0.0,0.0,1e-05,2e-05,0.00011,4e-05,0.00099,9e-05,0.00021,1e-05,0.0,0.0,0.0,0.0,2e-05,1e-05,0.0,8e-05,0.0,1e-05,0.0,0.0,2e-05,0.0,0.0,0.0,2e-05,0.0,0.67826,0.0,1.0,0.0,0.0,0.0,0.0,0.0,0.0,0.02693,0.0,0.0,0.0,0.0,0.0,0.04207,0.99998,0.0,0.0,1e-05,0.0,0.0,0.0,0.0,0.0,0.0,0.0,0.0,0.0,1e-05,0.00029,0.0,0.0,0.0,0.0,0.0,0.0,0.0,0.0,0.0,0.00188,0.0,0.0,2e-05,0.99701,0.0,1e-05,0.0,0.0,0.0,0.0,0.0,0.00094,0.0,0.0,0.0,0.0,0.00011,0.0,0.0,0.0,0.0,0.0,0.0,0.0,0.0,0.0,0.0,0.0,0.0,0.0,0.0,5e-05,0.0,0.0,0.0,0.0,0.0,0.0,0.0,0.0,0.0,0.0,0.0,5e-05,7e-05,2e-05,0.0,0.0,1e-05,0.0,0.17137,0.0,0.0,0.0,0.0,0.00816,0.0,2e-05,0.0,0.0,0.0,0.0,0.0,0.0,0.0,0.0,0.0,0.0,0.0,0.0,0.0,0.0,0.0,0.0,0.0,0.0,0.0,0.0,0.00022,0.0,0.0,0.0,0.0,0.0,0.0,0.0,0.0,0.0,0.0,0.0,0.0,0.0,0.0,1e-05,0.0,0.0,0.0,1e-05,0.0,0.0,3e-05,0.0,0.0,0.0,0.0,0.0,0.0,0.0,0.0,2e-05,0.0,0.0,0.0,0.0,0.0,0.0,0.99993,0.0,0.0,0.0,0.0,0.0,0.0,0.0,0.0,0.0,0.0,0.0,0.0,0.0,0.0,0.0,0.0,0.0,0.0,0.0,1e-05,0.0,0.00033,0.0,0.0,0.0,0.0,0.0,0.0001,0.0,0.0,0.0,0.0,0.0,0.0,0.0,0.0,0.0,0.99523,0.0,0.0,0.0,0.00089,4e-05,0.0,2e-05,0.0,0.0,4e-05,0.0,0.0,0.0,1e-05,0.00084,0.00036,0.0,0.0,0.9994,0.0,0.99984,2e-05,0.0,0.0,0.0,0.0,0.0,0.0,0.0,0.0,0.0,0.0,0.0,0.99233,3e-05,0.0,0.0,0.0,0.0,0.0,0.0,0.0,0.0,0.0,0.0,0.0,0.0,0.0,0.0,0.0,0.0,0.19222,0.0,0.96952,0.0,0.0,0.0,0.0,0.0,0.0,0.0,0.0,1e-05,0.77211,0.0,0.0,0.0,0.00016,0.0,0.0,0.0,0.0,0.0,0.0,0.0,0.0,0.0,0.99999,0.0,0.0,0.0,0.0,0.0,5e-05,0.0,0.99974,0.0,0.0,0.0,5e-05,0.0,0.0,0.0,0.0,0.0,0.0,7e-05,0.0,0.0,0.0,0.0,0.0,3e-05,0.0,0.0,0.0,0.0,0.0,0.0,0.0,0.0,0.16858,0.0,0.0,0.0,0.0,0.0,0.0,0.0,1e-05,0.0,0.0,0.0,0.0,0.0,0.0,0.0,0.0,0.0,0.0,0.0,0.0,0.0,6e-05,0.0,0.0,0.0,2e-05,0.0,0.0,0.0,3e-05,0.0,0.0,0.0,0.0,0.0,1e-05,0.0,0.0,0.0,0.0,1e-05,0.0,0.0,0.0,0.0,2e-05,0.0,0.0,0.0,0.0,0.0,0.0,0.99999,0.0,1e-05,0.0,0.0,0.0,0.0,0.0,0.0,3e-05,0.0,0.0,0.0,0.0,4e-05,6e-05,0.0,0.0,0.0,2e-05,1e-05,6e-05,0.01248,0.00081,0.00101,0.02237,7e-05
0.0001,0.01143,7e-05,0.00344,6e-05,0.99583,0.99994,1e-05,0.0,0.0,0.0,0.0,0.0,0.0,0.0,0.0,0.0,2e-05,0.00064,0.0,0.0,0.0,0.0,0.0,0.0,0.0,0.0,0.0,0.0,0.0,0.0,0.0,0.0,0.0,0.0,0.0,0.0,0.08532,0.0,1e-05,0.0,0.0,0.0,0.0,0.0,0.0,0.0,0.0,0.0,0.0,0.0,0.0,0.0,1.0,0.0,0.0,1e-05,1e-05,0.0,0.0,0.0,0.0,0.0,0.0,0.0,0.0,0.0,0.0,0.99982,0.0,1e-05,0.0,0.002,0.0038,0.00124,0.87011,0.13631,0.00018,0.00151,7e-05,0.00038,0.0,0.0,0.0,0.0,0.0,0.0,0.0,0.0,1.0,0.0,0.0,8e-05,0.0,0.0,1e-05,0.0,0.0,0.0,0.0,0.0,0.0,0.0,1e-05,0.0,0.0,0.0,0.0,0.0,0.0,0.0,0.0,0.0,0.0,0.0,0.0,0.0,0.0,0.0,0.0,5e-05,0.0,0.0,0.0,3e-05,0.0,0.0,0.0,0.0,0.0,6e-05,8e-05,0.0,0.0,0.0,1.0,0.0,0.0,0.0,0.0,0.0,0.0,0.0,0.0,0.0,0.0,0.0,0.0,0.0,2e-05,0.0,0.0,0.0,0.0,0.0,0.0001,0.0,0.0,0.0,0.00028,3e-05,0.0,0.0,3e-05,0.0,0.0,1e-05,0.99998,0.0,0.0,0.0,1.0,0.0,0.0,0.0,7e-05,0.0064,0.00059,0.0,0.0,0.0,0.0,0.0,0.0,0.0,0.0,3e-05,0.0,0.00012,1e-05,1e-05,2e-05,0.0,3e-05,0.00085,2e-05,0.00018,0.00108,2e-05,0.00019,0.01601,0.00238,0.00019,0.0069,1e-05,0.1193,0.0,0.99999,0.97023,0.0,0.0,0.00028,0.0,0.00031,0.0,0.0,5e-05,0.0,0.0,0.0,7e-05,0.0,0.0,0.0,0.00021,0.0,0.0,1e-05,5e-05,0.0,0.0,1e-05,0.0,0.0,0.0,0.0,0.0,0.0,0.00033,0.0,1e-05,2e-05,1.0,3e-05,0.5993,0.00265,0.0,0.0,0.0,3e-05,1e-05,0.0,2e-05,1e-05,2e-05,0.0,0.00014,6e-05,4e-05,0.00042,2e-05,0.0,1.0,0.0,0.0,0.0,0.0,0.0,0.0,0.0,3e-05,0.90128,0.0,0.0,0.0,0.0,0.0,0.0,0.0,0.0,0.0,0.0,0.0,0.0,0.0,0.0,1.0,4e-05,1.0,0.00023,0.0,0.0,1.0,0.48865,0.0,0.1261,0.0,0.00019,0.00069,0.00546,0.00085,0.00058,5e-05,0.00056,0.0083,0.02212,0.0,0.0,0.0,0.27587,0.00025,0.0,0.99998,0.00269,0.0,0.00026,0.99941,0.0,0.0,1e-05,0.0,0.0,0.0,0.0,0.0,1e-05,0.0,0.99998,0.0,0.0,0.0,0.0,0.0,0.0,0.0,0.0,0.0,0.0,0.0,0.0,0.0,0.0,0.0,4e-05,0.99927,0.0,7e-05,0.0,0.0,3e-05,0.0,0.00011,0.0,0.0,0.0,0.00037,0.0,0.0,0.0,0.0,0.0,0.0,0.0,0.0,0.0,0.0,0.0,0.0,0.0,0.0,5e-05,0.00043,0.01538,0.0,0.04384,0.00076,0.0,0.98394,0.0,0.0,0.0,0.0,0.0,0.0,0.0,0.0,0.0,0.0,0.0,2e-05,0.0,0.01094,0.0,0.0,0.0,0.0,0.0,1e-05,0.99892,4e-05,0.0,1e-05,0.99926,1e-05,0.00183,0.0,0.99999,0.83839,3e-05,0.1992,0.024,1.0,0.09664,1.0,0.0,0.0,0.00046,0.0,0.0,0.0,5e-05,0.99952,0.0,0.0,0.0,6e-05,0.0,0.0,0.0,0.0,0.0,2e-05,0.00022,0.0,0.0,0.0,0.0,0.0,0.0,0.0,0.0,0.0,1.0,0.0,0.0,3e-05,0.0,8e-05,0.0,0.0,2e-05,0.0,0.0,7e-05,0.0,0.0,0.0,0.0,0.0,0.0,0.0,0.0,0.0,0.0,0.0,0.0,1e-05,0.0,1e-05,0.0,0.0,0.0,0.0,0.00012,0.0,0.0,0.0,0.0,0.0,0.00026,0.0,0.0,0.0,0.0,0.01469,0.0,0.0,0.0,0.07194,0.0,0.0,0.0,0.0,0.0,0.0,3e-05,0.97081,0.00014,0.00013,2e-05,1e-05,0.0,0.0,0.0,0.0,0.0,0.0,0.0,0.0,0.0,0.0,0.0,0.0,0.0,0.0,0.0,0.0,0.0,0.0001,0.0,0.0,0.0,0.0,1.0,0.0,0.99905,0.00088,0.0,0.0093,0.00445,0.00234,8e-05,0.0,0.0,8e-05,0.0,1e-05,0.0,0.00013,0.0,1e-05,0.0,0.0,2e-05,0.0,0.99999,0.0,1e-05,0.0,0.0,1.0,0.0,0.0,0.0,0.0,0.0,0.0,8e-05,0.0,0.0,0.0,1e-05,0.00014,0.0,0.0,1e-05,1e-05,0.0,0.0,1.0,0.0,0.0,0.0,0.0,0.0,0.0,6e-05,0.0,0.0,0.0,0.0,0.0,0.0,0.0,0.01343,0.0,0.0,0.0,0.0,0.0,0.0,1e-05,0.0,0.0,0.0,0.0,0.0,0.0,0.0,0.0,0.0,0.0,0.0,0.0,0.0,3e-05,0.0009,0.0,0.00016,0.99999,0.0,0.0,0.0,0.0,1.0,0.0,0.0,0.00014,0.0,0.0,0.0,0.0,0.0,1.0,0.00011,0.0,2e-05,0.0,0.0,0.0,0.0,0.0,0.0,0.0,0.0,0.0,1e-05,0.0,0.0,0.0,0.0,0.0,4e-05,0.0,0.0,0.0002,0.04066,0.00043,0.00079,2e-05,6e-05,0.0,0.0,0.0,0.00011,0.0,0.0,0.0,1.0,0.0,0.0,0.0,0.0,0.0,0.0,0.0,0.0,0.0,0.0,0.0,0.0,0.0,0.0,0.0,0.0,0.0,0.0,0.0,0.0,0.0,0.0,0.0,1e-05,0.0,0.0,0.0,0.0,1e-05,0.90458,0.0,1.0,0.86172,0.0,0.0,0.00013,0.0001,1e-05,0.0,0.0,0.00076,0.00179,0.00514,0.00552,0.00642,0.00269,0.00138
0.00055,0.05042,0.00033,0.33043,0.00155,0.00064,3e-05,0.00036,3e-05,0.0,0.0,0.0,0.0,0.0,0.0,0.0,0.0,0.0,0.99477,0.0,0.9439,0.0,0.0,0.0,0.00043,0.0,0.0,0.0,0.0,0.0,0.0,0.0,0.00016,0.0,0.0,3e-05,0.0,0.01745,0.0,2e-05,0.0,0.0,0.0,0.0,0.0,0.0,0.00462,1e-05,0.0,0.00017,0.0,1e-05,0.0,0.0,0.0,0.0,4e-05,9e-05,0.0,1e-05,0.0,1.0,0.0,0.99602,0.0,1e-05,0.0,0.0,6e-05,0.0,0.0,0.0,0.47749,0.10529,0.01694,0.03107,0.01272,0.00081,0.02709,0.00146,0.03164,0.0,0.0,0.0,0.0,0.0,0.0,0.0,0.0,0.0,0.0,1e-05,5e-05,0.0,0.0,7e-05,0.0,1e-05,0.0,1e-05,2e-05,0.0,0.0,0.98235,0.0,0.0,0.0,0.0,0.0,0.0,0.0,0.0,0.0,0.99968,0.0,0.0,0.0005,0.0,0.0,0.0,0.00012,0.0,0.00129,0.0,0.00026,2e-05,0.0,0.0,1e-05,0.0,0.02195,0.00243,0.0,2e-05,0.0,0.0,0.0,0.0,0.0,0.0,0.0,0.0,0.0,0.0,0.0,0.0,0.0,0.0,0.00368,0.98724,0.0,1e-05,0.0,4e-05,0.0,0.0046,1e-05,0.0,0.0,0.08316,0.0005,0.0,0.0,0.00733,0.00048,0.0,9e-05,0.0,0.0,0.0,0.0,0.0,0.0,2e-05,3e-05,0.00147,0.02371,0.68951,0.0,0.0,1e-05,0.0,6e-05,0.0,0.0,0.0,0.04035,1e-05,0.00604,0.00024,0.00011,0.00012,0.0,0.00055,0.70701,0.00072,0.02026,0.02967,0.00078,0.00819,0.06679,0.02974,0.00327,0.01466,0.00211,0.01943,0.0,0.0,0.00154,2e-05,0.0,0.01824,2e-05,0.02134,0.0,2e-05,0.00094,0.0,0.0,4e-05,0.26339,0.0,0.0,0.0,0.0114,0.0,0.0,0.00025,0.00257,0.0,0.0,7e-05,0.0,0.0,0.0,2e-05,0.0,0.0,0.02218,5e-05,7e-05,7e-05,0.0,0.99625,0.00393,0.00169,1e-05,0.0,0.0,0.00083,0.00124,0.0,0.00216,0.00012,0.00058,0.0,0.01092,0.00108,0.00717,0.6835,5e-05,0.0,0.0,0.0,0.0,0.0,0.0,0.99998,0.0,0.0003,0.00462,0.00404,0.0,1e-05,0.0,0.0,0.0,0.0,5e-05,1e-05,0.0,0.0,1e-05,0.0,0.0,0.0,0.0,0.99984,0.0,0.01566,0.0,0.0,0.0,0.01959,4e-05,0.1491,1e-05,0.00276,0.04318,0.06705,0.01323,0.02027,0.00337,0.0026,0.0732,0.00819,1e-05,0.0,0.0,0.04938,0.00216,0.0,1e-05,0.12735,0.0002,6e-05,0.00027,0.0,3e-05,0.00013,0.0,0.0,0.0,0.0,0.0,8e-05,0.0,1e-05,0.0,0.0,0.0,5e-05,0.0,0.99999,0.0,0.0,0.0,0.0,0.0,0.99893,0.0,0.00019,0.0,0.00598,0.00023,0.0,0.00493,0.0,0.0,0.00067,0.0,0.54729,1e-05,0.0014,3e-05,0.48093,7e-05,0.0,0.0,0.0,1e-05,0.00039,0.0,0.0,0.00012,0.0,0.0,0.0,4e-05,0.0,0.00411,0.00093,0.03417,0.0,0.01045,0.2464,0.0,0.00372,1e-05,0.0,0.0,0.0,0.0,0.0,0.0,0.00263,0.0,0.0,0.00351,0.00135,7e-05,0.00632,0.0,0.0,0.0,0.0,0.0,0.00183,0.00032,0.00036,6e-05,0.00041,0.00017,1e-05,0.07065,0.0,0.0,0.02634,0.0,0.06964,0.00189,0.0,0.0168,0.0,0.0,0.0,0.20568,0.0,0.0,0.0,0.01259,3e-05,0.0,0.42263,0.0,0.14012,0.0,0.0,0.0,0.0,0.0,0.31184,0.05005,2e-05,0.0,0.00023,0.0,0.0,2e-05,6e-05,0.0,0.0,0.0,0.00887,0.0,0.00357,0.0,0.00163,0.0,2e-05,0.00029,1e-05,0.00033,0.00169,0.0,2e-05,0.0,0.0,0.0033,0.0,0.0,0.0,0.0,0.0,0.0,0.0,0.04288,0.0,0.00018,0.0,2e-05,0.0,0.0,0.00984,0.0,0.0,0.0,0.0,0.0,0.00116,0.0,5e-05,0.00019,0.0,0.00019,0.0,0.0,0.0,0.00097,0.0,0.0,0.0,1e-05,0.0,0.00375,0.00542,0.00178,0.22048,0.0097,0.00036,0.00017,0.0,0.0,0.0,0.0,0.0,0.0,0.0,0.97906,0.0,0.0,0.0,0.0,0.0,0.0,0.00013,0.0,1e-05,0.04001,0.0,0.0,0.0,0.00012,0.0,0.0,0.00031,0.00053,5e-05,0.2284,0.01521,0.02172,0.00139,1e-05,0.0,0.00272,0.0,4e-05,1e-05,0.01006,0.0,1e-05,0.0,0.0,0.01618,0.0,1e-05,0.0,0.00164,0.0,0.0,0.0,1e-05,0.0,0.0,3e-05,0.0,0.0,0.00077,0.0,1e-05,0.0,0.00412,0.00599,0.0,0.0,0.0,0.00588,0.0,0.0,0.0,0.0,0.0,0.0,0.0,0.0,0.0,0.01371,0.0,0.0,0.0,0.0,0.0,0.0,0.0,0.92442,0.0,0.0,0.99999,0.99997,0.0,0.0,0.69986,0.0,0.0,1e-05,0.0,0.00026,8e-05,0.0,4e-05,0.0,1e-05,1e-05,1e-05,0.0,0.00124,0.02435,2e-05,0.08816,0.0,0.0,0.0,0.0,0.0,0.0,0.0,0.99999,0.00287,0.0,4e-05,0.0,0.00025,0.0,0.0,0.86405,3e-05,0.00051,1e-05,0.0,0.0,0.0,0.0,0.0,0.0,0.0,0.47623,0.95714,0.0,0.0,1e-05,4e-05,0.0,0.00055,1e-05,0.00183,0.01979,0.51061,0.11661,0.00573,0.00012,0.00506,2e-05,6e-05,0.0,0.03567,1e-05,1e-05,0.0,0.0,0.00012,0.93921,0.0,0.0,0.0,0.0,0.0,0.00119,0.0,0.0,0.0,0.0,0.99999,0.0,0.0,0.0,0.0,0.0,0.0,0.00011,0.0,0.0001,0.0,5e-05,0.0,0.0,0.0,0.0,0.00011,0.00419,0.0,0.0,0.07379,0.00012,0.0,0.00034,0.00077,4e-05,0.0,0.0,0.00616,0.01691,0.01579,0.07556,0.0323,0.0037,0.00273
0.00208,0.02466,0.00032,0.35062,0.00638,0.00065,1e-05,4e-05,4e-05,0.0,0.0,0.0,0.0,1e-05,0.0,0.0,0.0,0.0,2e-05,0.0,0.00011,0.0,0.0,1.0,0.99956,0.0,0.0,0.0,0.0,0.0,0.0,0.0,0.00022,0.0,0.0,1e-05,0.00068,0.00734,0.0,8e-05,0.0,0.0,0.0,0.0,0.0,0.0,0.99018,0.99999,3e-05,0.0069,0.0,0.0,0.0,0.0,0.0,0.0,0.00386,7e-05,0.0,0.0,0.0,0.0,0.0,0.00392,0.0006,0.0,0.0,0.0,8e-05,0.0,0.0,0.0,0.31039,0.09168,0.19337,0.01701,0.02113,0.00041,0.00286,0.00102,0.01044,0.0,0.0,0.0,0.0,0.0,0.0,0.0,1.0,0.0,0.0,0.00012,1e-05,0.0,0.0,0.00036,0.0,0.0,0.0,2e-05,0.0,0.0,0.0,0.00044,0.0,0.0,0.0,0.0,0.0,0.0,0.0,0.0,0.0,3e-05,0.0,1e-05,2e-05,0.0,0.0,0.0,0.0007,0.0,0.99856,1e-05,0.00384,0.00076,0.0,0.0,8e-05,0.0,0.00076,0.00171,0.0,0.0,0.0,0.0,0.0,0.0,1e-05,0.0,0.0,0.0,0.0,0.0,0.0,0.0,0.0,0.0,0.00188,0.00027,0.0,0.0,0.0,0.1491,0.0,0.00128,1e-05,0.0,0.0,0.00229,0.00049,0.0,0.0,0.00033,0.0,0.0,7e-05,0.0,0.0,0.0,0.0,0.0,0.0,0.0,3e-05,0.00021,0.01013,0.01241,0.0,0.0,0.0,1e-05,5e-05,0.0,1e-05,0.0,0.95494,0.0,0.36204,4e-05,4e-05,0.00262,0.0,9e-05,0.01275,4e-05,0.00187,0.00307,3e-05,0.00092,0.27236,0.03036,0.00462,0.06192,6e-05,0.00438,4e-05,0.0,0.00032,1e-05,8e-05,0.006,1e-05,0.01789,0.0,1e-05,0.00168,1e-05,0.0,1e-05,0.00323,0.0,1e-05,0.0,0.00111,0.0,0.0,0.00097,0.00014,0.0,0.0,2e-05,0.0,0.0,0.0,1e-05,0.0,0.0,0.00215,0.0,2e-05,0.00731,0.0,0.0022,0.0047,0.00057,1e-05,0.0,0.0,0.00031,0.97932,0.0,0.00109,0.00024,3e-05,2e-05,0.0023,0.00039,0.00026,0.11078,0.00122,0.0,0.0,0.0,0.0001,0.0,0.0,1e-05,0.0,0.99835,0.75219,7e-05,1e-05,0.0,0.0,0.0,0.0,0.0,1e-05,0.0,0.0,0.0,1e-05,0.0,0.0,0.0,0.0,6e-05,0.0,0.1813,0.0,0.0,0.0,0.0033,0.00524,0.42489,0.00031,0.04553,0.02013,0.01406,0.00349,0.00052,0.00012,9e-05,0.33523,0.01269,0.00137,0.0,0.00021,0.00763,0.0002,0.0,0.0,0.01502,0.0,1e-05,0.00018,0.0,7e-05,0.00018,0.0,0.0,0.0,1.0,9e-05,8e-05,0.0,0.0,0.0,0.0,0.0,2e-05,0.0,0.0,1e-05,0.0,0.0,0.0,0.0,0.00104,0.0,0.99974,1e-05,0.10749,2e-05,0.0,0.0013,0.0,0.0,0.03992,0.0,0.40975,1e-05,0.9985,0.0,0.08962,1e-05,0.0,0.0,0.0,0.0,7e-05,0.0,0.0,0.99984,0.0,0.0,0.0,2e-05,0.0,0.00035,0.00573,0.02035,2e-05,0.00043,0.02517,1e-05,0.00101,0.0,0.0,0.0,0.0,0.0,0.0,0.0,4e-05,0.0,0.0,0.99588,4e-05,0.99993,0.00175,1.0,0.0,0.0,0.99989,0.0,7e-05,3e-05,0.00027,0.0,0.00145,2e-05,0.00041,0.12987,0.00023,0.0,0.01578,0.00021,0.00625,0.00253,0.0,0.00211,0.0,0.0,0.0,7e-05,0.00162,0.0,0.0,0.13023,0.0,0.0,0.56651,0.0,0.00783,0.0,0.0,0.0,0.0,0.0,0.00051,0.00713,0.0,0.0,8e-05,0.0,0.0,0.00015,1e-05,0.0,0.0,0.0,0.92685,0.0,0.00732,0.0,0.0036,0.0,0.0,5e-05,0.0,0.99581,0.00013,0.0,0.99997,0.0,0.0,2e-05,0.0,0.0,0.0,0.0,0.99995,0.0,0.0,0.00013,0.00014,0.03506,9e-05,1e-05,0.0,0.0,0.02341,0.0,0.0,0.0,0.0,0.0,0.00071,0.0,3e-05,0.99938,0.0,5e-05,0.0,0.0,0.0,0.00012,0.0,0.0,0.0,0.99999,0.0,0.99523,0.00066,0.00052,0.28618,0.00154,0.00015,3e-05,0.0,0.0,0.0,0.0,0.0,0.0,0.0,0.02075,0.0,0.0,0.0,0.0,0.0,0.0,0.0,1e-05,0.0,0.11369,0.0,0.0,1e-05,6e-05,0.0,0.0,4e-05,0.00025,0.0,0.0239,0.01171,0.00462,0.01051,0.0,0.0,0.00093,0.0,0.00333,0.0,0.00261,0.0,0.0011,0.0,0.0,0.00068,0.0,0.0,0.0,0.0005,0.0,0.0,0.0,0.0,0.0,0.0,3e-05,0.0,0.0,0.00196,0.0,8e-05,0.0,0.00011,0.00869,0.0,0.0,0.00152,0.00043,0.0,0.0,0.0,0.0,0.0,0.0,1e-05,0.0,2e-05,0.96493,0.0,0.0,0.0,0.0,0.0,0.0,0.0,0.00063,0.0,0.0,0.0,1e-05,0.0,0.0,0.00014,0.0,0.0,0.00053,0.0,0.0,0.0,0.0,0.0,0.0,1e-05,0.0,0.0,1e-05,0.00011,0.00809,0.0,0.00148,0.0,9e-05,7e-05,0.0,0.0,0.0,0.0,0.0,0.00279,1e-05,0.00051,0.0,0.99907,0.0,0.0,0.0872,2e-05,0.00033,1e-05,0.0,0.0,0.0,0.0,0.0,0.0,0.0,0.0004,0.00035,0.0,0.0,0.0,0.00018,0.0,0.00172,0.0,0.99811,0.00171,0.04672,0.01335,0.00023,0.0,0.00031,1e-05,0.02966,0.0,0.94337,0.0,0.0005,0.0,0.0,0.95034,0.00012,0.0,0.0,1e-05,0.0,0.0,3e-05,0.00014,0.0,0.0,0.0,0.0,0.0,1.0,0.0,0.0,0.0,0.0,0.00326,0.0,0.99989,6e-05,0.0003,0.0,0.0,0.0,0.0,2e-05,0.01315,0.0,0.0,0.002,1e-05,0.0,0.00207,0.00029,7e-05,4e-05,0.00024,0.00406,0.0058,0.00968,0.02366,0.01625,0.00821,0.0026
0.00019,0.00067,1e-05,0.00018,0.00152,0.0,0.0,0.0,0.0,0.0,0.0,0.0,0.0,0.0,0.0,0.0,0.0,0.0,0.0,0.0,0.0,0.0,0.0,0.0,0.0,0.0,0.0,0.0,0.0,0.0,0.0,0.0,0.0,0.0,0.0,0.0,0.0,0.0,0.0,0.0,0.0,0.0,0.0,0.0,0.0,0.0,0.0,0.0,0.0,0.0,0.0,0.0,0.0,0.0,0.0,0.0,0.0,0.0,0.0,0.0,0.0,0.0,0.0,0.0,0.0,0.0,0.0,0.0,0.0,0.0,0.0,1.0,1e-05,0.00039,6e-05,3e-05,0.00108,0.0,0.03044,0.0,0.0,0.0,0.0,0.0,0.0,0.0,0.0,0.0,0.0,0.0,0.0,0.0,0.0,0.0,0.0,0.0,0.0,0.0,0.0,0.0,0.0,0.0,0.0,1e-05,0.0,0.0,0.0,0.0,0.0,0.0,0.0,0.0,0.0,0.0,0.0,0.0,0.0,0.0,0.0,0.0,0.0,0.0,0.0,0.0,0.0,0.0,1.0,0.0,0.0,0.0,0.0,0.0,0.0,0.0,0.0,0.0,0.0,0.0,0.0,0.0,0.0,0.0,0.0,0.0,0.0,0.0,0.0,0.0,0.0,0.0,0.0,0.0,0.0,0.0,0.0,0.0,0.0,0.0,0.0,0.0,0.0,0.0,0.0,0.0,0.0,0.0,0.0,0.0,0.0,0.0,0.0,0.0,0.0,0.0,0.0,0.0,0.0,0.0,0.0,0.0,0.0,0.0,0.0,0.0,0.0,0.0,0.0,0.0,0.0,0.0,0.01133,1e-05,0.0,0.0,0.0,0.0,0.0,0.0,0.0,1e-05,5e-05,0.00015,0.0,1e-05,0.0,0.0,0.0,0.0,0.0,0.0,0.0,0.0,0.0,0.0,0.0,0.0,0.0,0.0,0.0,0.0,0.0,0.0,0.0,0.0,0.0,0.0,0.0,0.0,0.0,0.0,0.0,0.0,0.0,0.0,0.0,0.0,0.0,0.0,0.0,0.0,0.0,0.0,0.0,0.0,4e-05,0.0,0.0,0.0,0.0,0.0,0.0,0.0,0.0,0.0,0.0,0.0,0.0,0.0,0.0,0.0,0.0,0.0,0.0,0.0,0.0,0.0,0.0,0.0,0.0,0.0,0.0,0.0,0.0,0.0,0.0,0.0,0.0,0.0,0.0,0.0,0.0,0.0,0.0,0.0,0.0,0.0,0.0,0.0,0.0,1e-05,0.0,0.0,0.0,0.0,0.0,1e-05,0.0,1e-05,1e-05,3e-05,0.0,0.0,0.0,0.0,0.0,0.0,0.0,0.0,0.0,0.0,0.0,0.0,0.0,0.0,0.0,0.0,0.0,0.0,0.0,0.00016,0.0,0.0,0.0,0.0,0.0,0.0,0.0,0.0,1e-05,0.0,0.0,0.0,0.0,0.0,3e-05,0.0,0.0,0.0,0.0,0.0,0.0,0.0,0.0,0.0,0.0,0.0,0.0,0.0,0.0,0.0,0.0,0.0,0.0,0.0,0.0,0.0,0.0,0.0,0.0,0.0,0.0,0.0,0.0,0.0,0.0,0.0,0.0,0.0,0.0,0.0,0.0,4e-05,0.0,0.0,0.0,0.0,0.0,0.0,0.0,0.0,0.0,0.0,0.0,0.0,0.0,0.0,0.0,0.0,0.0,0.0,0.0,1e-05,0.0,0.0,0.0,0.0,0.0,0.0,0.0,0.0,0.0,0.0,0.0,0.0,1e-05,0.0,0.0,0.0,0.0,0.0,6e-05,0.0,0.0,0.0,0.0,0.0,0.0,0.0,0.0,0.0,0.0,0.0,0.0,0.0,0.0,0.0,0.0,0.0,0.0,0.0,0.0,0.0,0.0,0.0,0.0,0.0,0.0,0.0,0.0,0.0,0.0,0.0,0.0,0.0,0.0,0.0,0.0,0.0,0.0,0.0,0.0,0.0,0.0,2e-05,0.0,0.0,0.0,0.0,0.01077,0.0,0.0,0.0,0.0,0.0,0.0,0.0,0.0,0.0,0.0,0.0,0.0,0.0,0.0,0.0,0.0,0.0,0.0,0.0,0.0,0.0,0.0,0.0,0.0,0.0,0.0,0.0,0.0,0.0,0.0,0.0,0.0,0.0,0.0,0.0,0.0,0.0,0.0,0.0,1e-05,0.0,0.0,0.0,0.0,0.0,0.0,0.0,0.0,0.0,0.0,0.0,0.0,0.0,0.0,0.0,0.0,0.0,0.0,0.0,5e-05,0.0,0.0,0.0,0.0,0.0,0.0,0.0,0.0,0.0,0.0,0.00096,0.0002,0.0,0.0,0.0,0.0,0.0,0.0,0.0,0.0,0.0,0.0,0.0,0.0,0.0,0.0,0.0,0.0,0.0,0.0,0.0,0.0,0.0,0.0,0.0,0.0,0.0,0.0,0.0,0.0,0.0,0.0,0.0,0.0,0.0,0.0,0.0,9e-05,0.0,0.0,0.0,0.0,0.0,0.0,0.0,0.0,0.0,0.0,0.0,3e-05,0.0,0.0,0.0,0.0,0.0,0.0,0.0,0.0,0.0,0.0,0.0,0.0,0.0,0.0,0.0,0.0,0.0,0.0,0.0,0.0,0.0,0.0,0.0,0.0,0.0,0.0,0.0,0.0,0.0,0.0,0.0,0.0,0.0,0.0,0.0,0.0,0.0,0.0,2e-05,0.0,0.0,0.0,0.0,0.0,0.0,0.0,0.0,0.00078,0.0,0.0,0.0,0.0,0.0,0.0,0.0,0.0,0.0,0.0,0.0,0.0,0.0,0.0,0.0,0.0,0.0,0.0,0.0,0.0,0.0,0.0008,0.0,0.0,0.0,0.0,0.0,0.0,0.0,0.0,0.0,0.0,0.0,0.0,0.0,0.0,0.0,0.0,0.0,0.0,0.0,0.0,0.0,0.0,0.0,0.0,0.0,0.0,0.0,0.0,0.0,0.0,0.0,0.0,0.0,0.0,0.0,0.0,0.0,0.0,0.0,0.0,0.0,0.0,0.0,0.0,0.0,0.0,0.0,0.0,0.0,0.0,0.0,1e-05,0.00321,0.00032,0.00054,0.00196,5e-05
0.00038,0.00171,2e-05,0.00053,0.24314,0.0,0.0,0.0,0.0,0.0,0.0,0.0,0.0,0.0,0.0,0.0,0.0,0.0,0.0,0.0,0.0,0.0,0.0,0.0,0.0,0.0,0.0,0.0,0.0,0.0,0.0,0.37829,0.0,0.0,0.0,0.0,0.0,2e-05,0.0,0.0,0.0,0.0,0.0,0.0,0.0,0.0,0.0,0.0,0.0,0.0,0.0,0.01027,0.0,0.0,0.0,0.0,3e-05,0.0,0.0,0.0,0.0,0.0,0.0,0.0,0.0,0.0,0.0,0.0,0.0,2e-05,0.0,0.0,0.00016,0.00144,0.00038,7e-05,0.00834,1e-05,0.04341,0.00013,0.0,0.01082,0.0,0.0,0.0,0.0,0.0,0.0,0.0,0.0,0.0,0.999,0.0,0.0,0.0,0.0,0.0,0.0,0.0,3e-05,0.0,0.0,0.0,0.0,0.0,0.0,0.0,0.0,0.0,0.0,4e-05,0.0,0.0,0.0,0.0,0.0,0.0,0.0,0.0,0.0,4e-05,0.0,0.0,0.0,0.0,0.0,0.0,0.0,0.0,0.0,0.0,0.0,0.0,0.0,0.0,0.0,0.0,0.0,0.0,1e-05,0.0,0.0,0.0,0.0,0.0,0.0,0.0,4e-05,0.0,0.0,0.00015,0.0,0.0,0.0,0.0,0.0,0.0,0.0,0.0,0.0,0.0,1e-05,0.0,0.0,0.0,0.0,0.0,0.0,0.0,0.0,0.0,0.0,0.0,0.0,0.0,0.0,1e-05,1e-05,4e-05,4e-05,0.0,0.0,0.0,0.0,0.0,0.0,0.0,0.0,0.0,0.0,0.9329,0.00036,0.99989,0.0,1e-05,0.0,2e-05,0.0,0.0,5e-05,0.00023,0.00119,6e-05,3e-05,0.0,1e-05,0.0,0.0,0.0,0.0,0.0,0.0,0.0,1e-05,0.0,0.00012,0.0,0.0,0.0,0.0,0.0,0.0,0.0,0.0,1e-05,0.0,0.0,0.0,0.0,0.0,0.0,0.0,0.0,0.0,0.0,0.0,0.98481,0.0,0.0,0.0,0.0,0.0,0.0,0.0,0.00035,0.0,0.0,0.0,0.0,3e-05,0.0,0.0,0.0,0.0,0.0,0.0,0.0,1e-05,0.0,1e-05,0.0,5e-05,0.0,0.0,0.0,0.0,0.0,0.0,0.0,0.0,1e-05,0.0,0.0,0.0,0.0,0.0,0.0,0.0,0.0,0.0,0.00159,0.0,0.0,0.0,0.0,0.0,0.0,0.0,0.0,5e-05,0.0,0.0,0.0,1e-05,0.0,0.00014,0.0,0.0001,3e-05,6e-05,6e-05,0.0,0.0,0.0,1e-05,1e-05,0.0,0.0,0.0,1e-05,1e-05,0.0,0.0,5e-05,0.0,0.0,0.0,0.0,0.0,0.27875,0.0,0.0,0.0,0.0,0.0,0.0,0.0,0.0,0.97304,0.0,0.0,1e-05,0.0,0.0,0.00123,1e-05,0.0,0.0,0.0,0.0,0.0,0.0,0.0,1e-05,0.0,0.0,1e-05,5e-05,0.0,0.00025,0.0,0.0,0.0,0.0,0.0,0.0,0.0,0.0,0.0,0.0,0.0,0.0,0.0,0.00013,0.0,0.0,0.0,0.0,0.0,0.0,4e-05,0.00018,0.0,0.0,0.0,0.0,0.0,0.0,0.0,0.0,0.0,0.0,0.0,0.0,0.0,0.0,0.0,0.0,0.0,0.0,0.0,0.00012,0.0,0.0,0.0,0.0,0.0,0.0,0.0,0.0,0.0,0.0,0.0,1e-05,0.0001,0.0,0.0,0.0,0.0,0.0,0.00056,0.0,0.0,0.0,0.0,0.00013,0.0,0.0,0.0,0.0,3e-05,0.0,0.0,0.0,0.0,0.0,0.0,0.0,0.0,0.0,0.0,0.0,0.0,0.0,0.0,6e-05,0.0,0.0,1e-05,0.0,0.0,0.0,0.0,0.0,0.0,0.0,0.0,0.0,0.0,0.0,0.0,0.0,0.0,9e-05,0.0,0.0,0.0,0.0,1e-05,0.0,0.0,0.0,0.0,0.0,0.0,0.0,0.0,0.0,0.0,0.0,0.0,0.0,0.0,0.0,0.0,0.0,6e-05,0.0,0.0,0.00021,0.0,0.0,0.0,0.0,0.0,0.0,0.0,0.0,0.0,1.0,0.0,0.0,0.0,0.0,0.0,0.0,1e-05,0.0,7e-05,0.0,0.0,0.0,0.0,0.0,0.00471,0.0,0.0,0.0,0.0,0.0,0.0,1e-05,0.0,0.0,0.00476,0.0,0.0,0.0,0.0246,0.0,0.0,0.0,0.0,0.0,0.0,0.0,0.0,0.0,1e-05,0.00214,0.00033,0.0,0.0,0.00056,0.0,0.00014,0.0,0.0,0.0,0.0,0.0,0.0,0.0,0.0,0.0,0.0,0.0,0.0,0.00766,0.0,0.0,0.0,0.0,0.0,0.0,0.0,0.0,0.0,0.0,0.0,0.0,0.0,0.00012,0.0,0.0,0.0,0.18934,0.0,0.03047,0.0,0.0,0.0,0.0,0.0,0.0,0.0,0.0,0.0,0.22641,0.0,0.0,0.0,0.99418,0.0,0.0,0.0,0.0,0.0,0.0,0.0,0.0,0.0,1e-05,0.0,0.0,0.0,0.0,0.0,0.0,0.0,1e-05,0.0,0.0,0.0,0.0,0.0,2e-05,0.0,0.0,0.0,0.0,0.0,0.0,0.0,0.0,0.0,0.0,4e-05,0.0,0.0,0.0,0.0,0.0,0.0,0.0,0.0,0.69399,0.0,0.0,0.0,0.0,0.0,0.0,0.0,0.0,0.0,0.0,0.0,0.0,0.0,0.0,0.0,0.0,0.0,0.0,0.0,0.0,1e-05,4e-05,0.0,0.0,0.0,0.0,0.0,0.0,0.0,0.0,0.0,0.0,0.0,0.0,0.0,0.0,0.0,0.0,1.0,0.0,0.0,0.0,0.0,0.0,0.0,0.0,0.0,0.0,0.0,0.0,0.0,0.0,1e-05,0.0,0.0,0.0,0.0,0.0,0.0,1.0,0.0,2e-05,0.0,0.0,0.0,9e-05,0.0,2e-05,0.0,0.0,0.0,0.0,2e-05,4e-05,0.10048,0.00109,0.00157,0.0034,0.00023
0.0027,0.0322,3e-05,0.00434,0.01952,2e-05,0.0,0.0,0.0,3e-05,0.0,0.0,0.99996,0.02552,0.0,0.99986,0.0,0.0,0.0,0.0,0.0,0.0,0.0,0.0,0.0,0.0,0.0,0.0,0.0,0.0,0.0,0.0,0.0,0.0,0.0,0.00037,0.00122,4e-05,0.0,0.01148,0.0,0.0,0.99995,0.0,0.0,0.0,0.0,0.0,0.99977,4e-05,0.0,0.0,0.0,0.0,0.0,0.0,0.44663,0.0,0.0,0.0,0.0,0.0,4e-05,0.0,0.00129,0.0,3e-05,0.0,0.0,0.0,0.0,0.0,0.00133,0.10203,0.4761,0.00298,0.19853,3e-05,0.00076,3e-05,5e-05,0.0,0.0,0.00014,0.0,0.0,3e-05,0.0,0.0,0.0,0.0,0.0,8e-05,0.0,0.0,0.38939,0.0,0.0,0.99961,3e-05,0.0,0.0,0.0,0.0,0.99974,0.0,0.0,0.0,0.0,0.99762,0.00085,0.99999,0.99986,0.0,0.0,0.9995,0.0,0.0,0.97861,0.0,0.91719,1e-05,0.0,6e-05,0.37339,0.04206,0.0,0.0,0.00014,2e-05,4e-05,0.00116,5e-05,0.0,0.05923,0.0,0.0,1e-05,0.52326,0.0,0.9357,0.0,0.0,1e-05,0.0,0.0,0.0,0.0,4e-05,0.0,0.0,0.0,0.0,0.84064,0.00012,0.00024,0.0,0.0,0.0,6e-05,0.00013,0.0,0.0,0.00013,0.0,0.94338,0.00353,0.0,0.00016,0.0,0.00024,0.0,0.00221,0.0,0.0,3e-05,0.00123,0.00022,0.0,0.0,0.0,0.99223,0.02288,0.0,0.03413,1e-05,0.00012,0.0,0.00022,7e-05,4e-05,0.06944,0.0,0.0,8e-05,1e-05,1e-05,0.00056,0.0,0.00016,0.01311,0.04961,5e-05,0.17013,0.0,0.00026,0.31776,0.0,2e-05,0.0,0.00434,0.00139,0.0,9e-05,0.0,0.0,1e-05,0.99925,0.0,0.0,5e-05,0.01193,0.96202,0.0,5e-05,0.00038,0.99987,0.87723,0.00011,0.0,0.0,0.0,2e-05,1e-05,0.0,0.0,0.0,1e-05,7e-05,0.0,0.0,0.95541,0.0,0.0,0.25136,8e-05,0.0,1e-05,0.0,1e-05,0.003,3e-05,0.0002,4e-05,0.0,0.92883,0.00065,1e-05,6e-05,0.00031,0.95682,0.0,0.0,0.99983,0.89379,2e-05,0.0,0.0,0.0,0.00064,0.16453,1e-05,0.7444,0.0,0.99993,0.0,0.0,1e-05,2e-05,0.0,0.0,0.00021,0.00224,0.0,0.00017,0.0,0.0,0.0,0.0,0.3047,0.0,0.0,0.0,0.00175,0.96711,0.01821,0.94901,0.52624,0.01448,0.01205,7e-05,0.00014,1e-05,0.0,0.00103,0.02903,0.95935,0.0,0.47416,0.00069,0.00028,0.0,0.0,0.0007,0.0,0.0,0.0,2e-05,0.01805,0.00501,0.99777,0.0,0.0,0.0,0.98378,0.00153,0.0,0.0,0.0,0.99825,0.0,0.0,0.79419,0.0,0.00018,0.0,0.0,0.99987,0.0,0.0,0.0,1e-05,0.97639,7e-05,0.0,0.0,6e-05,0.0,1e-05,0.91088,0.0,6e-05,0.0,1e-05,0.0,0.00025,0.0,0.0,0.0,5e-05,0.0,0.0,0.00628,1e-05,1e-05,2e-05,0.0,0.0,0.0,0.0,0.0,0.17558,1e-05,0.98839,0.0,0.00055,0.3561,0.00038,0.0,0.0,0.0,1e-05,0.0,3e-05,0.9996,1e-05,0.0,0.0,2e-05,0.0,0.0,0.0005,0.0,0.0,0.0,9e-05,0.0,1e-05,1e-05,1e-05,0.0,2e-05,1e-05,0.96229,0.09873,0.95377,0.0,0.0003,0.1082,7e-05,0.1148,0.0,0.00011,0.0,0.99552,0.00017,0.0,0.95591,0.0,0.00847,0.0545,0.0,0.0,1e-05,0.0,0.00024,0.0,0.0,0.0,0.0,0.0,2e-05,0.0,0.0,0.0,0.0,0.0,1e-05,0.55393,0.0,0.0,0.0,0.0,0.00215,0.0,7e-05,0.96649,2e-05,0.0,0.0,0.0,0.0,2e-05,1e-05,0.0,1e-05,0.00015,1e-05,0.0,0.0,2e-05,0.0,0.0,0.0,0.0,1e-05,2e-05,0.98113,0.81811,0.21149,0.0,0.0,0.0,0.00033,0.0,0.0,0.0,0.0,0.99956,5e-05,0.99992,0.0,1e-05,0.0,0.0,0.99974,0.0,0.99999,0.00011,0.0,0.0,0.0,0.0,0.00014,7e-05,2e-05,9e-05,0.00064,0.00214,1e-05,6e-05,0.0,0.0,0.0,1e-05,0.0,0.0,0.0,0.0,0.0,0.0,0.0,0.0,0.0,0.0,0.0,0.99039,1e-05,0.00031,0.00026,0.0,0.75915,0.0,0.0,5e-05,0.0,2e-05,0.0,0.00131,0.00308,0.00154,8e-05,0.0,0.0,4e-05,0.0,0.95054,0.0,2e-05,0.03429,0.98275,0.0,0.0,0.00174,0.00493,0.0,0.0,0.0,0.0,0.00058,0.0,0.0,0.99987,0.0,0.0,0.0,0.56433,0.0049,0.0,0.0,0.0,0.0001,4e-05,0.0,0.0,0.99234,5e-05,0.0,0.0,0.0,0.99958,0.9996,0.0,0.99706,0.0,0.99921,0.00041,0.05371,0.00021,0.0,0.0,0.0,0.0,0.0,1e-05,0.99984,0.0,0.0,0.0,0.0,0.0,0.0,0.0,0.0,6e-05,0.0,0.0,0.0,8e-05,0.0,0.0,0.0,0.0,0.0,0.00112,9e-05,0.00037,1e-05,4e-05,0.0,0.98536,0.82208,0.0,0.0,0.0,0.00893,0.0,0.00091,0.8912,0.0,0.99974,0.00061,0.99533,0.0,0.00011,0.0,0.00335,1e-05,0.0,0.0,0.99581,0.0,0.0,0.0,1e-05,0.0,0.0,0.0,0.0,0.0,0.0,0.9994,0.00028,0.0,0.0,1e-05,0.00043,0.00046,0.00012,0.0,2e-05,0.0,0.83698,0.0008,0.00035,0.0,0.00019,0.99982,0.0,1e-05,0.0,0.0,0.02107,0.00018,0.0,0.0,1e-05,0.02814,0.0,0.0,0.0,0.0,0.0002,0.0,0.0,0.0,0.0,0.0,0.0,0.0,0.0,0.38312,0.0,0.0,0.0,0.0,0.0,0.0,0.03087,0.94151,0.0,0.0002,0.0,0.00435,0.30083,2e-05,0.0,0.99791,0.6924,0.0006,0.00452,0.00439,0.00579,0.00479,0.08804,0.00124
